ticker,empresa,cd_cvm,setor,preco_data,valor_mercado_brl,liquidez_63d_brl,pl,pvpa,roe_ltm,roe_med5,div_liq_ebitda,cagr_receita,cagr_lucro,conversao_caixa,status,criterios_reprovados,criterios_nao_avaliados,ultima_demonstracao,dt_receb_ultimo_doc,link_doc,fontes
GMAT3,GRUPO MATEUS S.A.,25186,Emp. Adm. Part. - Comércio (Atacado e Varejo),2026-07-27,8795222241.42,22540608.317460317,5.08,0.80,16.24,15.16,0.28,24.73,24.66,1.24,APROVADA,,,2026-03-31,2026-05-14,http://www.rad.cvm.gov.br/ENETCONSULTA/frmDownloadDocumento.aspx?CodigoInstituicao=1&NumeroSequencialDocumento=157460,CVM DFP/ITR (dados.cvm.gov.br); B3 COTAHIST; preços não ajustados
RECV3,PETRORECÔNCAVO S.A.,25780,Emp. Adm. Part. - Petróleo e Gás,2026-07-27,3000093982.7200003,26097859.73015873,5.61,0.71,12.54,15.96,0.92,31.98,37.83,2.39,APROVADA,,,2026-03-31,2026-05-07,http://www.rad.cvm.gov.br/ENETCONSULTA/frmDownloadDocumento.aspx?CodigoInstituicao=1&NumeroSequencialDocumento=156877,CVM DFP/ITR (dados.cvm.gov.br); B3 COTAHIST; preços não ajustados
AERI3,AERIS IND. E COM. DE EQUIP. PARA GER. DE ENG. S.A.,25283,"Máquinas, Equipamentos, Veículos e Peças",2026-07-27,125997969.19999999,84243.23809523809,prejuizo,nao_aplicavel,nao_aplicavel,dado_insuficiente,nao_aplicavel,-25.99,serie_nao_comparavel,nao_aplicavel,DADOS_INSUFICIENTES,P/L positivo e baixo; CAGR receita > 10%; Receita estável (sem queda >15%); Lucro positivo nos 5 anos; CFO positivo em >=4 dos 5 anos; FCF positivo em >=3 dos 5 anos; Liquidez >= R$5M/dia,P/VPA < 1; ROE mediano 5a > 12%; Dívida líq./EBITDA < 3; CAGR lucro > 10%,2026-03-31,2026-05-12,http://www.rad.cvm.gov.br/ENETCONSULTA/frmDownloadDocumento.aspx?CodigoInstituicao=1&NumeroSequencialDocumento=157175,CVM DFP/ITR (dados.cvm.gov.br); B3 COTAHIST; preços não ajustados
AGXY3,AGROGALAXY PARTICIPAÇÕES S.A. - EM RECUPERAÇÃO JUDICIAL,25658,Comércio (Atacado e Varejo),2026-07-27,,41321.857142857145,indisponivel,indisponivel,indisponivel,dado_insuficiente,indisponivel,dado_insuficiente,dado_insuficiente,indisponivel,DADOS_INSUFICIENTES,Receita estável (sem queda >15%); CFO positivo em >=4 dos 5 anos; FCF positivo em >=3 dos 5 anos; Liquidez >= R$5M/dia,P/VPA < 1; P/L positivo e baixo; ROE mediano 5a > 12%; Dívida líq./EBITDA < 3; CAGR receita > 10%; CAGR lucro > 10%; Lucro positivo nos 5 anos,2025-09-30,2025-11-14,http://www.rad.cvm.gov.br/ENETCONSULTA/frmDownloadDocumento.aspx?CodigoInstituicao=1&NumeroSequencialDocumento=153333,CVM DFP/ITR (dados.cvm.gov.br); B3 COTAHIST; preços não ajustados
,ALARES INTERNET PARTICIPAÇÕES S/A,25194,Emp. Adm. Part. - Telecomunicações,,,,indisponivel,indisponivel,-25.77,-28.74,2.38,18.90,serie_nao_comparavel,nao_aplicavel,DADOS_INSUFICIENTES,ROE mediano 5a > 12%; Lucro positivo nos 5 anos; FCF positivo em >=3 dos 5 anos,P/VPA < 1; P/L positivo e baixo; CAGR lucro > 10%; Liquidez >= R$5M/dia,2026-03-31,2026-05-15,http://www.rad.cvm.gov.br/ENETCONSULTA/frmDownloadDocumento.aspx?CodigoInstituicao=1&NumeroSequencialDocumento=157591,CVM DFP/ITR (dados.cvm.gov.br); B3 COTAHIST; preços não ajustados
,ALGAR TELECOM S/A,21032,Telecomunicações,,,,indisponivel,indisponivel,-17.43,-14.06,3.03,3.16,serie_nao_comparavel,nao_aplicavel,DADOS_INSUFICIENTES,ROE mediano 5a > 12%; Dívida líq./EBITDA < 3; CAGR receita > 10%; Lucro positivo nos 5 anos,P/VPA < 1; P/L positivo e baixo; CAGR lucro > 10%; Liquidez >= R$5M/dia,2026-03-31,2026-05-13,http://www.rad.cvm.gov.br/ENETCONSULTA/frmDownloadDocumento.aspx?CodigoInstituicao=1&NumeroSequencialDocumento=157326,CVM DFP/ITR (dados.cvm.gov.br); B3 COTAHIST; preços não ajustados
"APTI3,APTI4",ALIPERTI S.A.,12823,"Emp. Adm. Part. - Agricultura (Açúcar, Álcool e Cana)",,,,indisponivel,indisponivel,4.20,7.13,-1.66,17.03,turnaround,1.12,DADOS_INSUFICIENTES,ROE mediano 5a > 12%; Receita estável (sem queda >15%); Lucro positivo nos 5 anos,P/VPA < 1; P/L positivo e baixo; CAGR lucro > 10%; Liquidez >= R$5M/dia,2026-03-31,2026-05-15,http://www.rad.cvm.gov.br/ENETCONSULTA/frmDownloadDocumento.aspx?CodigoInstituicao=1&NumeroSequencialDocumento=157573,CVM DFP/ITR (dados.cvm.gov.br); B3 COTAHIST; preços não ajustados
AALR3,ALLIANÇA SAÚDE E PARTICIPAÇÕES S.A.,24058,Serviços Médicos,2026-07-27,490476443.94000006,161393.82539682538,indisponivel,0.46,indisponivel,dado_insuficiente,indisponivel,dado_insuficiente,dado_insuficiente,indisponivel,DADOS_INSUFICIENTES,CFO positivo em >=4 dos 5 anos; Liquidez >= R$5M/dia,P/L positivo e baixo; ROE mediano 5a > 12%; Dívida líq./EBITDA < 3; CAGR receita > 10%; CAGR lucro > 10%; Lucro positivo nos 5 anos,2025-09-30,2025-11-14,http://www.rad.cvm.gov.br/ENETCONSULTA/frmDownloadDocumento.aspx?CodigoInstituicao=1&NumeroSequencialDocumento=153262,CVM DFP/ITR (dados.cvm.gov.br); B3 COTAHIST; preços não ajustados
,ALMACENES ÉXITO S.A.,80225,,,,,indisponivel,indisponivel,indisponivel,dado_insuficiente,indisponivel,dado_insuficiente,dado_insuficiente,indisponivel,DADOS_INSUFICIENTES,,P/VPA < 1; P/L positivo e baixo; ROE mediano 5a > 12%; Dívida líq./EBITDA < 3; CAGR receita > 10%; CAGR lucro > 10%; Lucro positivo nos 5 anos; Liquidez >= R$5M/dia,2025-03-31,2025-05-14,http://www.rad.cvm.gov.br/ENETCONSULTA/frmDownloadDocumento.aspx?CodigoInstituicao=1&NumeroSequencialDocumento=147714,CVM DFP/ITR (dados.cvm.gov.br); B3 COTAHIST; preços não ajustados
,ALUBAR METAIS E CABOS S.A.,27430,Metalurgia e Siderurgia,,,,indisponivel,indisponivel,23.37,dado_insuficiente,0.66,dado_insuficiente,dado_insuficiente,2.37,DADOS_INSUFICIENTES,Receita estável (sem queda >15%); CFO positivo em >=4 dos 5 anos; FCF positivo em >=3 dos 5 anos,P/VPA < 1; P/L positivo e baixo; ROE mediano 5a > 12%; CAGR receita > 10%; CAGR lucro > 10%; Lucro positivo nos 5 anos; Liquidez >= R$5M/dia,2026-03-31,2026-05-14,http://www.rad.cvm.gov.br/ENETCONSULTA/frmDownloadDocumento.aspx?CodigoInstituicao=1&NumeroSequencialDocumento=157487,CVM DFP/ITR (dados.cvm.gov.br); B3 COTAHIST; preços não ajustados
AMBP3,AMBIPAR PARTICIPAÇÕES E EMPREENDIMENTOS S.A.,24961,"Saneamento, Serv. Água e Gás",2026-07-27,26669515.36,812697.253968254,indisponivel,0.02,indisponivel,dado_insuficiente,indisponivel,dado_insuficiente,dado_insuficiente,indisponivel,DADOS_INSUFICIENTES,FCF positivo em >=3 dos 5 anos; Liquidez >= R$5M/dia,P/L positivo e baixo; ROE mediano 5a > 12%; Dívida líq./EBITDA < 3; CAGR receita > 10%; CAGR lucro > 10%; Lucro positivo nos 5 anos,2025-06-30,2026-02-04,http://www.rad.cvm.gov.br/ENETCONSULTA/frmDownloadDocumento.aspx?CodigoInstituicao=1&NumeroSequencialDocumento=154596,CVM DFP/ITR (dados.cvm.gov.br); B3 COTAHIST; preços não ajustados
ARND3,ARANDU INVESTIMENTOS S.A.,25887,Emp. Adm. Part. - Intermediação Financeira,2026-07-27,67584041.75999999,1534.6825396825398,prejuizo,0.54,-360.41,dado_insuficiente,nao_aplicavel,dado_insuficiente,dado_insuficiente,nao_aplicavel,DADOS_INSUFICIENTES,P/L positivo e baixo; Liquidez >= R$5M/dia,ROE mediano 5a > 12%; Dívida líq./EBITDA < 3; CAGR receita > 10%; CAGR lucro > 10%; Lucro positivo nos 5 anos; CFO positivo em >=4 dos 5 anos; FCF positivo em >=3 dos 5 anos,2026-03-31,2026-06-23,http://www.rad.cvm.gov.br/ENETCONSULTA/frmDownloadDocumento.aspx?CodigoInstituicao=1&NumeroSequencialDocumento=159198,CVM DFP/ITR (dados.cvm.gov.br); B3 COTAHIST; preços não ajustados
ARML3,"ARMAC LOCAÇÃO, LOGÍSTICA E SERVIÇOS S.A.",26069,Serviços Transporte e Logística,2026-07-27,1122604651.0800002,3876617.1746031744,22.19,0.88,3.96,dado_insuficiente,3.14,dado_insuficiente,dado_insuficiente,5.03,DADOS_INSUFICIENTES,P/L positivo e baixo; Dívida líq./EBITDA < 3; CFO positivo em >=4 dos 5 anos; FCF positivo em >=3 dos 5 anos; Liquidez >= R$5M/dia,ROE mediano 5a > 12%; CAGR receita > 10%; CAGR lucro > 10%; Lucro positivo nos 5 anos,2026-03-31,2026-05-12,http://www.rad.cvm.gov.br/ENETCONSULTA/frmDownloadDocumento.aspx?CodigoInstituicao=1&NumeroSequencialDocumento=157246,CVM DFP/ITR (dados.cvm.gov.br); B3 COTAHIST; preços não ajustados
,ARTERIS S.A.,19771,Serviços Transporte e Logística,,,,indisponivel,indisponivel,9.75,-15.35,3.25,7.58,turnaround,3.82,DADOS_INSUFICIENTES,ROE mediano 5a > 12%; Dívida líq./EBITDA < 3; CAGR receita > 10%; Lucro positivo nos 5 anos; FCF positivo em >=3 dos 5 anos,P/VPA < 1; P/L positivo e baixo; CAGR lucro > 10%; Liquidez >= R$5M/dia,2026-03-31,2026-05-14,http://www.rad.cvm.gov.br/ENETCONSULTA/frmDownloadDocumento.aspx?CodigoInstituicao=1&NumeroSequencialDocumento=157468,CVM DFP/ITR (dados.cvm.gov.br); B3 COTAHIST; preços não ajustados
,ASA BRANCA HOLDING S.A.,26514,Emp. Adm. Part. - Energia Elétrica,,,,indisponivel,indisponivel,nao_aplicavel,dado_insuficiente,2.76,-5.13,serie_nao_comparavel,nao_aplicavel,DADOS_INSUFICIENTES,CAGR receita > 10%; Receita estável (sem queda >15%); Lucro positivo nos 5 anos,P/VPA < 1; P/L positivo e baixo; ROE mediano 5a > 12%; CAGR lucro > 10%; Liquidez >= R$5M/dia,2026-03-31,2026-05-14,http://www.rad.cvm.gov.br/ENETCONSULTA/frmDownloadDocumento.aspx?CodigoInstituicao=1&NumeroSequencialDocumento=157398,CVM DFP/ITR (dados.cvm.gov.br); B3 COTAHIST; preços não ajustados
,ASSURUÁ 4 E 5 HOLDING ENERGIA S.A.,27545,Emp. Adm. Part. - Energia Elétrica,,,,indisponivel,indisponivel,1.75,dado_insuficiente,indisponivel,dado_insuficiente,dado_insuficiente,indisponivel,DADOS_INSUFICIENTES,CFO positivo em >=4 dos 5 anos; FCF positivo em >=3 dos 5 anos,P/VPA < 1; P/L positivo e baixo; ROE mediano 5a > 12%; Dívida líq./EBITDA < 3; CAGR receita > 10%; CAGR lucro > 10%; Lucro positivo nos 5 anos; Liquidez >= R$5M/dia,2026-03-31,2026-05-12,http://www.rad.cvm.gov.br/ENETCONSULTA/frmDownloadDocumento.aspx?CodigoInstituicao=1&NumeroSequencialDocumento=157223,CVM DFP/ITR (dados.cvm.gov.br); B3 COTAHIST; preços não ajustados
ATED3,ATOM EDUCAÇÃO E EDITORA S.A.,27677,Educação,2026-07-27,,67513.95238095238,indisponivel,indisponivel,-28.93,dado_insuficiente,indisponivel,dado_insuficiente,dado_insuficiente,nao_aplicavel,DADOS_INSUFICIENTES,Receita estável (sem queda >15%); CFO positivo em >=4 dos 5 anos; FCF positivo em >=3 dos 5 anos; Liquidez >= R$5M/dia,P/VPA < 1; P/L positivo e baixo; ROE mediano 5a > 12%; Dívida líq./EBITDA < 3; CAGR receita > 10%; CAGR lucro > 10%; Lucro positivo nos 5 anos,2026-03-31,2026-05-08,http://www.rad.cvm.gov.br/ENETCONSULTA/frmDownloadDocumento.aspx?CodigoInstituicao=1&NumeroSequencialDocumento=157002,CVM DFP/ITR (dados.cvm.gov.br); B3 COTAHIST; preços não ajustados
,AURA ALMAS MINERAÇÃO S.A.,26590,Emp. Adm. Part. - Extração Mineral,,,,indisponivel,indisponivel,85.15,34.48,indisponivel,turnaround,121.96,indisponivel,DADOS_INSUFICIENTES,CFO positivo em >=4 dos 5 anos; FCF positivo em >=3 dos 5 anos,P/VPA < 1; P/L positivo e baixo; Dívida líq./EBITDA < 3; CAGR receita > 10%; Liquidez >= R$5M/dia,2025-12-31,2026-03-30,http://www.rad.cvm.gov.br/ENETCONSULTA/frmDownloadDocumento.aspx?CodigoInstituicao=1&NumeroSequencialDocumento=155863,CVM DFP/ITR (dados.cvm.gov.br); B3 COTAHIST; preços não ajustados
,AURA MINERALS INC.,80187,,,,,indisponivel,indisponivel,30.95,0.02,indisponivel,20.80,serie_nao_comparavel,3.60,DADOS_INSUFICIENTES,ROE mediano 5a > 12%; Receita estável (sem queda >15%); Lucro positivo nos 5 anos,P/VPA < 1; P/L positivo e baixo; Dívida líq./EBITDA < 3; CAGR lucro > 10%; Liquidez >= R$5M/dia,2026-03-31,2026-05-06,http://www.rad.cvm.gov.br/ENETCONSULTA/frmDownloadDocumento.aspx?CodigoInstituicao=1&NumeroSequencialDocumento=156773,CVM DFP/ITR (dados.cvm.gov.br); B3 COTAHIST; preços não ajustados
AESO3,AUREN OPERAÇÕES S.A.,26174,Emp. Adm. Part. - Energia Elétrica,,,,indisponivel,indisponivel,3.07,1.51,2.08,9.23,serie_nao_comparavel,10.02,DADOS_INSUFICIENTES,ROE mediano 5a > 12%; CAGR receita > 10%; Lucro positivo nos 5 anos; CFO positivo em >=4 dos 5 anos,P/VPA < 1; P/L positivo e baixo; CAGR lucro > 10%; Liquidez >= R$5M/dia,2026-03-31,2026-05-06,http://www.rad.cvm.gov.br/ENETCONSULTA/frmDownloadDocumento.aspx?CodigoInstituicao=1&NumeroSequencialDocumento=156745,CVM DFP/ITR (dados.cvm.gov.br); B3 COTAHIST; preços não ajustados
,AUREN PARTICIPAÇÕES S.A.,25640,Energia Elétrica,,,,indisponivel,indisponivel,-9.07,-2.81,5.19,20.31,serie_nao_comparavel,nao_aplicavel,DADOS_INSUFICIENTES,ROE mediano 5a > 12%; Dívida líq./EBITDA < 3; Lucro positivo nos 5 anos; CFO positivo em >=4 dos 5 anos,P/VPA < 1; P/L positivo e baixo; CAGR lucro > 10%; Liquidez >= R$5M/dia,2026-03-31,2026-05-06,http://www.rad.cvm.gov.br/ENETCONSULTA/frmDownloadDocumento.aspx?CodigoInstituicao=1&NumeroSequencialDocumento=156741,CVM DFP/ITR (dados.cvm.gov.br); B3 COTAHIST; preços não ajustados
AMOB3,AUTOMOB PARTICIPAÇÕES S.A.,27707,Serviços Transporte e Logística,2026-07-27,506915442.66,438767.8888888889,prejuizo,0.26,-15.42,dado_insuficiente,5.89,dado_insuficiente,dado_insuficiente,nao_aplicavel,DADOS_INSUFICIENTES,P/L positivo e baixo; Dívida líq./EBITDA < 3; CFO positivo em >=4 dos 5 anos; FCF positivo em >=3 dos 5 anos; Liquidez >= R$5M/dia,ROE mediano 5a > 12%; CAGR receita > 10%; CAGR lucro > 10%; Lucro positivo nos 5 anos,2026-03-31,2026-05-06,http://www.rad.cvm.gov.br/ENETCONSULTA/frmDownloadDocumento.aspx?CodigoInstituicao=1&NumeroSequencialDocumento=156783,CVM DFP/ITR (dados.cvm.gov.br); B3 COTAHIST; preços não ajustados
,AXIA ENERGIA NORDESTE S.A.,3328,Energia Elétrica,,,,indisponivel,indisponivel,5.36,dado_insuficiente,0.71,dado_insuficiente,dado_insuficiente,indisponivel,DADOS_INSUFICIENTES,CFO positivo em >=4 dos 5 anos; FCF positivo em >=3 dos 5 anos,P/VPA < 1; P/L positivo e baixo; ROE mediano 5a > 12%; CAGR receita > 10%; CAGR lucro > 10%; Lucro positivo nos 5 anos; Liquidez >= R$5M/dia,2026-03-31,2026-05-06,http://www.rad.cvm.gov.br/ENETCONSULTA/frmDownloadDocumento.aspx?CodigoInstituicao=1&NumeroSequencialDocumento=156760,CVM DFP/ITR (dados.cvm.gov.br); B3 COTAHIST; preços não ajustados
,AXIA ENERGIA NORTE S.A.,27472,Energia Elétrica,,,,indisponivel,indisponivel,8.27,dado_insuficiente,0.91,dado_insuficiente,dado_insuficiente,1.98,DADOS_INSUFICIENTES,Receita estável (sem queda >15%); CFO positivo em >=4 dos 5 anos,P/VPA < 1; P/L positivo e baixo; ROE mediano 5a > 12%; CAGR receita > 10%; CAGR lucro > 10%; Lucro positivo nos 5 anos; Liquidez >= R$5M/dia,2026-03-31,2026-05-06,http://www.rad.cvm.gov.br/ENETCONSULTA/frmDownloadDocumento.aspx?CodigoInstituicao=1&NumeroSequencialDocumento=156774,CVM DFP/ITR (dados.cvm.gov.br); B3 COTAHIST; preços não ajustados
,AXIA ENERGIA SUL S.A.,27480,Energia Elétrica,,,,indisponivel,indisponivel,11.75,dado_insuficiente,1.52,dado_insuficiente,dado_insuficiente,0.62,DADOS_INSUFICIENTES,CFO positivo em >=4 dos 5 anos; FCF positivo em >=3 dos 5 anos,P/VPA < 1; P/L positivo e baixo; ROE mediano 5a > 12%; CAGR receita > 10%; CAGR lucro > 10%; Lucro positivo nos 5 anos; Liquidez >= R$5M/dia,2026-03-31,2026-05-06,http://www.rad.cvm.gov.br/ENETCONSULTA/frmDownloadDocumento.aspx?CodigoInstituicao=1&NumeroSequencialDocumento=156726,CVM DFP/ITR (dados.cvm.gov.br); B3 COTAHIST; preços não ajustados
AZTE3,AZEVEDO & TRAVASSOS ENERGIA S.A.,27626,Petróleo e Gás,2026-07-27,427259421.54,629709.5396825396,prejuizo,1.74,-3.16,dado_insuficiente,nao_aplicavel,dado_insuficiente,dado_insuficiente,indisponivel,DADOS_INSUFICIENTES,P/VPA < 1; P/L positivo e baixo; CFO positivo em >=4 dos 5 anos; FCF positivo em >=3 dos 5 anos; Liquidez >= R$5M/dia,ROE mediano 5a > 12%; Dívida líq./EBITDA < 3; CAGR receita > 10%; CAGR lucro > 10%; Lucro positivo nos 5 anos,2026-03-31,2026-05-15,http://www.rad.cvm.gov.br/ENETCONSULTA/frmDownloadDocumento.aspx?CodigoInstituicao=1&NumeroSequencialDocumento=157623,CVM DFP/ITR (dados.cvm.gov.br); B3 COTAHIST; preços não ajustados
"AZUL3,AZUL4",AZUL S.A.,24112,Emp. Adm. Part. - Serviços Transporte e Logística,2026-07-27,,21405769.015873015,indisponivel,indisponivel,nao_aplicavel,dado_insuficiente,2.38,21.36,turnaround,-0.23,DADOS_INSUFICIENTES,Lucro positivo nos 5 anos; CFO positivo em >=4 dos 5 anos,P/VPA < 1; P/L positivo e baixo; ROE mediano 5a > 12%; CAGR lucro > 10%,2026-03-31,2026-05-07,http://www.rad.cvm.gov.br/ENETCONSULTA/frmDownloadDocumento.aspx?CodigoInstituicao=1&NumeroSequencialDocumento=156794,CVM DFP/ITR (dados.cvm.gov.br); B3 COTAHIST; preços não ajustados
"ADMF3,B1003",B100 S.A.,27634,Intermediação Financeira,2026-07-27,,48181.19672131148,indisponivel,indisponivel,indisponivel,dado_insuficiente,nao_aplicavel,dado_insuficiente,dado_insuficiente,indisponivel,DADOS_INSUFICIENTES,Liquidez >= R$5M/dia,P/VPA < 1; P/L positivo e baixo; ROE mediano 5a > 12%; Dívida líq./EBITDA < 3; CAGR receita > 10%; CAGR lucro > 10%; Receita estável (sem queda >15%); Lucro positivo nos 5 anos; CFO positivo em >=4 dos 5 anos; FCF positivo em >=3 dos 5 anos,2026-03-31,2026-05-11,http://www.rad.cvm.gov.br/ENETCONSULTA/frmDownloadDocumento.aspx?CodigoInstituicao=1&NumeroSequencialDocumento=157042,CVM DFP/ITR (dados.cvm.gov.br); B3 COTAHIST; preços não ajustados
BMGB4,BANCO BMG S/A,24600,Bancos,2026-07-27,,6575608.666666667,indisponivel,indisponivel,12.32,6.23,nao_aplicavel,17.44,35.94,-0.03,DADOS_INSUFICIENTES,ROE mediano 5a > 12%,P/VPA < 1; P/L positivo e baixo; Dívida líq./EBITDA < 3; CFO positivo em >=4 dos 5 anos; FCF positivo em >=3 dos 5 anos,2026-03-31,2026-05-05,http://www.rad.cvm.gov.br/ENETCONSULTA/frmDownloadDocumento.aspx?CodigoInstituicao=1&NumeroSequencialDocumento=156636,CVM DFP/ITR (dados.cvm.gov.br); B3 COTAHIST; preços não ajustados
,BANCO RCI BRASIL S.A.,21466,Bancos,,,,indisponivel,indisponivel,indisponivel,dado_insuficiente,nao_aplicavel,13.76,dado_insuficiente,indisponivel,DADOS_INSUFICIENTES,Lucro positivo nos 5 anos,P/VPA < 1; P/L positivo e baixo; ROE mediano 5a > 12%; Dívida líq./EBITDA < 3; CAGR lucro > 10%; CFO positivo em >=4 dos 5 anos; FCF positivo em >=3 dos 5 anos; Liquidez >= R$5M/dia,2025-12-31,2026-03-16,http://www.rad.cvm.gov.br/ENETCONSULTA/frmDownloadDocumento.aspx?CodigoInstituicao=1&NumeroSequencialDocumento=155398,CVM DFP/ITR (dados.cvm.gov.br); B3 COTAHIST; preços não ajustados
"BEES3,BEES4",BANESTES S.A. - BCO EST ESPIRITO SANTO,1155,Bancos,2026-07-27,3053323290.0,76880.74603174604,indisponivel,1.24,indisponivel,dado_insuficiente,nao_aplicavel,26.80,dado_insuficiente,indisponivel,DADOS_INSUFICIENTES,P/VPA < 1; Lucro positivo nos 5 anos; Liquidez >= R$5M/dia,P/L positivo e baixo; ROE mediano 5a > 12%; Dívida líq./EBITDA < 3; CAGR lucro > 10%; CFO positivo em >=4 dos 5 anos; FCF positivo em >=3 dos 5 anos,2026-03-31,2026-06-01,http://www.rad.cvm.gov.br/ENETCONSULTA/frmDownloadDocumento.aspx?CodigoInstituicao=1&NumeroSequencialDocumento=158790,CVM DFP/ITR (dados.cvm.gov.br); B3 COTAHIST; preços não ajustados
"BDLL3,BDLL4",BARDELLA S.A. INDUSTRIAS MECANICAS EM RECUPERAÇÃO JUDICIAL,1520,"Máquinas, Equipamentos, Veículos e Peças",2026-07-27,,7640.825396825397,indisponivel,indisponivel,nao_aplicavel,dado_insuficiente,nao_aplicavel,22.72,serie_nao_comparavel,nao_aplicavel,DADOS_INSUFICIENTES,Lucro positivo nos 5 anos; CFO positivo em >=4 dos 5 anos; FCF positivo em >=3 dos 5 anos; Liquidez >= R$5M/dia,P/VPA < 1; P/L positivo e baixo; ROE mediano 5a > 12%; Dívida líq./EBITDA < 3; CAGR lucro > 10%,2026-03-31,2026-05-15,http://www.rad.cvm.gov.br/ENETCONSULTA/frmDownloadDocumento.aspx?CodigoInstituicao=1&NumeroSequencialDocumento=157629,CVM DFP/ITR (dados.cvm.gov.br); B3 COTAHIST; preços não ajustados
BBSE3,BB SEGURIDADE PARTICIPAÇÕES S.A.,23159,Emp. Adm. Part. - Seguradoras e Corretoras,2026-07-27,78698215973.76,219801627.1111111,8.56,6.23,79.85,89.51,nao_aplicavel,serie_nao_comparavel,23.05,0.40,DADOS_INSUFICIENTES,P/VPA < 1,Dívida líq./EBITDA < 3; CAGR receita > 10%; Receita estável (sem queda >15%); CFO positivo em >=4 dos 5 anos; FCF positivo em >=3 dos 5 anos,2026-03-31,2026-05-04,http://www.rad.cvm.gov.br/ENETCONSULTA/frmDownloadDocumento.aspx?CodigoInstituicao=1&NumeroSequencialDocumento=156569,CVM DFP/ITR (dados.cvm.gov.br); B3 COTAHIST; preços não ajustados
BBML3,BBM LOGÍSTICA S.A.,24660,Serviços Transporte e Logística,,,,indisponivel,indisponivel,nao_aplicavel,dado_insuficiente,6.21,-0.20,serie_nao_comparavel,nao_aplicavel,DADOS_INSUFICIENTES,Dívida líq./EBITDA < 3; CAGR receita > 10%; Lucro positivo nos 5 anos,P/VPA < 1; P/L positivo e baixo; ROE mediano 5a > 12%; CAGR lucro > 10%; Liquidez >= R$5M/dia,2025-12-31,2026-06-25,http://www.rad.cvm.gov.br/ENETCONSULTA/frmDownloadDocumento.aspx?CodigoInstituicao=1&NumeroSequencialDocumento=159219,CVM DFP/ITR (dados.cvm.gov.br); B3 COTAHIST; preços não ajustados
ABCB4,BCO ABC BRASIL S.A.,20958,Bancos,2026-07-27,,17773139.746031746,indisponivel,indisponivel,indisponivel,dado_insuficiente,nao_aplicavel,dado_insuficiente,dado_insuficiente,indisponivel,DADOS_INSUFICIENTES,,P/VPA < 1; P/L positivo e baixo; ROE mediano 5a > 12%; Dívida líq./EBITDA < 3; CAGR receita > 10%; CAGR lucro > 10%; Lucro positivo nos 5 anos; CFO positivo em >=4 dos 5 anos; FCF positivo em >=3 dos 5 anos,2023-12-31,2024-04-23,http://www.rad.cvm.gov.br/ENETCONSULTA/frmDownloadDocumento.aspx?CodigoInstituicao=1&NumeroSequencialDocumento=135876,CVM DFP/ITR (dados.cvm.gov.br); B3 COTAHIST; preços não ajustados
"BBDC3,BBDC4",BCO BRADESCO S.A.,906,Bancos,2026-07-27,184915495546.05002,539389418.1428572,indisponivel,1.03,indisponivel,dado_insuficiente,nao_aplicavel,21.14,dado_insuficiente,indisponivel,DADOS_INSUFICIENTES,P/VPA < 1; Lucro positivo nos 5 anos,P/L positivo e baixo; ROE mediano 5a > 12%; Dívida líq./EBITDA < 3; CAGR lucro > 10%; CFO positivo em >=4 dos 5 anos; FCF positivo em >=3 dos 5 anos,2026-03-31,2026-05-06,http://www.rad.cvm.gov.br/ENETCONSULTA/frmDownloadDocumento.aspx?CodigoInstituicao=1&NumeroSequencialDocumento=156709,CVM DFP/ITR (dados.cvm.gov.br); B3 COTAHIST; preços não ajustados
BBAS3,BCO BRASIL S.A.,1023,Bancos,2026-07-27,117023504640.5,455404053.9206349,indisponivel,0.61,indisponivel,dado_insuficiente,nao_aplicavel,26.20,dado_insuficiente,indisponivel,DADOS_INSUFICIENTES,Lucro positivo nos 5 anos,P/L positivo e baixo; ROE mediano 5a > 12%; Dívida líq./EBITDA < 3; CAGR lucro > 10%; CFO positivo em >=4 dos 5 anos; FCF positivo em >=3 dos 5 anos,2026-03-31,2026-05-13,http://www.rad.cvm.gov.br/ENETCONSULTA/frmDownloadDocumento.aspx?CodigoInstituicao=1&NumeroSequencialDocumento=157308,CVM DFP/ITR (dados.cvm.gov.br); B3 COTAHIST; preços não ajustados
000000,BCO BTG PACTUAL S.A.,22616,Bancos,,,,indisponivel,indisponivel,23.30,19.93,nao_aplicavel,29.87,22.24,-1.03,DADOS_INSUFICIENTES,Receita estável (sem queda >15%),P/VPA < 1; P/L positivo e baixo; Dívida líq./EBITDA < 3; CFO positivo em >=4 dos 5 anos; FCF positivo em >=3 dos 5 anos; Liquidez >= R$5M/dia,2026-03-31,2026-05-15,http://www.rad.cvm.gov.br/ENETCONSULTA/frmDownloadDocumento.aspx?CodigoInstituicao=1&NumeroSequencialDocumento=157667,CVM DFP/ITR (dados.cvm.gov.br); B3 COTAHIST; preços não ajustados
,BCO DAYCOVAL S.A.,20796,Bancos,,,,indisponivel,indisponivel,indisponivel,dado_insuficiente,nao_aplicavel,dado_insuficiente,dado_insuficiente,indisponivel,DADOS_INSUFICIENTES,,P/VPA < 1; P/L positivo e baixo; ROE mediano 5a > 12%; Dívida líq./EBITDA < 3; CAGR receita > 10%; CAGR lucro > 10%; Lucro positivo nos 5 anos; CFO positivo em >=4 dos 5 anos; FCF positivo em >=3 dos 5 anos; Liquidez >= R$5M/dia,2026-03-31,2026-05-29,http://www.rad.cvm.gov.br/ENETCONSULTA/frmDownloadDocumento.aspx?CodigoInstituicao=1&NumeroSequencialDocumento=158485,CVM DFP/ITR (dados.cvm.gov.br); B3 COTAHIST; preços não ajustados
"BRSR3,BRSR5,BRSR6",BCO ESTADO DO RIO GRANDE DO SUL S.A.,1210,Bancos,2026-07-27,,27416754.73015873,indisponivel,indisponivel,0.00,dado_insuficiente,nao_aplicavel,29.68,dado_insuficiente,nao_aplicavel,DADOS_INSUFICIENTES,Lucro positivo nos 5 anos,P/VPA < 1; P/L positivo e baixo; ROE mediano 5a > 12%; Dívida líq./EBITDA < 3; CAGR lucro > 10%; CFO positivo em >=4 dos 5 anos; FCF positivo em >=3 dos 5 anos,2026-03-31,2026-05-14,http://www.rad.cvm.gov.br/ENETCONSULTA/frmDownloadDocumento.aspx?CodigoInstituicao=1&NumeroSequencialDocumento=157350,CVM DFP/ITR (dados.cvm.gov.br); B3 COTAHIST; preços não ajustados
"BMEB3,BMEB4",BCO MERCANTIL DO BRASIL S.A.,1325,Bancos,2026-07-27,6517568510.0,2168608.8571428573,indisponivel,2.18,indisponivel,dado_insuficiente,nao_aplicavel,34.68,dado_insuficiente,indisponivel,DADOS_INSUFICIENTES,P/VPA < 1; Lucro positivo nos 5 anos; Liquidez >= R$5M/dia,P/L positivo e baixo; ROE mediano 5a > 12%; Dívida líq./EBITDA < 3; CAGR lucro > 10%; CFO positivo em >=4 dos 5 anos; FCF positivo em >=3 dos 5 anos,2026-03-31,2026-05-06,http://www.rad.cvm.gov.br/ENETCONSULTA/frmDownloadDocumento.aspx?CodigoInstituicao=1&NumeroSequencialDocumento=156672,CVM DFP/ITR (dados.cvm.gov.br); B3 COTAHIST; preços não ajustados
"PINE3,PINE4",BCO PINE S.A,20567,Bancos,2026-07-27,3399057425.44,16323550.412698412,indisponivel,1.96,indisponivel,dado_insuficiente,nao_aplicavel,33.01,dado_insuficiente,indisponivel,DADOS_INSUFICIENTES,P/VPA < 1; Lucro positivo nos 5 anos,P/L positivo e baixo; ROE mediano 5a > 12%; Dívida líq./EBITDA < 3; CAGR lucro > 10%; CFO positivo em >=4 dos 5 anos; FCF positivo em >=3 dos 5 anos,2026-03-31,2026-05-13,http://www.rad.cvm.gov.br/ENETCONSULTA/frmDownloadDocumento.aspx?CodigoInstituicao=1&NumeroSequencialDocumento=157296,CVM DFP/ITR (dados.cvm.gov.br); B3 COTAHIST; preços não ajustados
"SANB11,SANB3,SANB4",BCO SANTANDER (BRASIL) S.A.,20532,Bancos,2026-07-27,102168718400.0,86582299.93650794,indisponivel,0.81,indisponivel,dado_insuficiente,nao_aplicavel,20.14,dado_insuficiente,indisponivel,DADOS_INSUFICIENTES,Lucro positivo nos 5 anos,P/L positivo e baixo; ROE mediano 5a > 12%; Dívida líq./EBITDA < 3; CAGR lucro > 10%; CFO positivo em >=4 dos 5 anos; FCF positivo em >=3 dos 5 anos,2026-03-31,2026-04-29,http://www.rad.cvm.gov.br/ENETCONSULTA/frmDownloadDocumento.aspx?CodigoInstituicao=1&NumeroSequencialDocumento=156458,CVM DFP/ITR (dados.cvm.gov.br); B3 COTAHIST; preços não ajustados
CCTY3,BELORA RDVC CITY DESENVOLVIMENTO IMOBILIÁRIO S.A.,27570,"Construção Civil, Mat. Constr. e Decoração",2026-04-14,1259939.4400000002,33095.444444444445,indisponivel,0.31,indisponivel,dado_insuficiente,indisponivel,dado_insuficiente,dado_insuficiente,indisponivel,DADOS_INSUFICIENTES,CFO positivo em >=4 dos 5 anos; FCF positivo em >=3 dos 5 anos; Liquidez >= R$5M/dia,P/L positivo e baixo; ROE mediano 5a > 12%; Dívida líq./EBITDA < 3; CAGR receita > 10%; CAGR lucro > 10%; Receita estável (sem queda >15%); Lucro positivo nos 5 anos,2025-09-30,2025-11-06,http://www.rad.cvm.gov.br/ENETCONSULTA/frmDownloadDocumento.aspx?CodigoInstituicao=1&NumeroSequencialDocumento=152742,CVM DFP/ITR (dados.cvm.gov.br); B3 COTAHIST; preços não ajustados
,BIONEXO S.A.,25925,Comunicação e Informática,,,,indisponivel,indisponivel,-52.85,-7.26,indisponivel,15.86,serie_nao_comparavel,nao_aplicavel,DADOS_INSUFICIENTES,ROE mediano 5a > 12%; Lucro positivo nos 5 anos; CFO positivo em >=4 dos 5 anos; FCF positivo em >=3 dos 5 anos,P/VPA < 1; P/L positivo e baixo; Dívida líq./EBITDA < 3; CAGR lucro > 10%; Liquidez >= R$5M/dia,2026-03-31,2026-05-15,http://www.rad.cvm.gov.br/ENETCONSULTA/frmDownloadDocumento.aspx?CodigoInstituicao=1&NumeroSequencialDocumento=157654,CVM DFP/ITR (dados.cvm.gov.br); B3 COTAHIST; preços não ajustados
,BLUEFIT ACADEMIAS DE GINÁSTICA E PARTICIPAÇÕES S.A.,26204,Brinquedos e Lazer,,,,indisponivel,indisponivel,-1.58,1.22,0.56,48.53,turnaround,nao_aplicavel,DADOS_INSUFICIENTES,ROE mediano 5a > 12%; Lucro positivo nos 5 anos; FCF positivo em >=3 dos 5 anos,P/VPA < 1; P/L positivo e baixo; CAGR lucro > 10%; Liquidez >= R$5M/dia,2026-03-31,2026-05-15,http://www.rad.cvm.gov.br/ENETCONSULTA/frmDownloadDocumento.aspx?CodigoInstituicao=1&NumeroSequencialDocumento=157633,CVM DFP/ITR (dados.cvm.gov.br); B3 COTAHIST; preços não ajustados
SOJA3,BOA SAFRA SEMENTES S.A.,25704,Alimentos,2026-07-27,835086436.16,5025756.031746032,33.87,0.62,1.85,dado_insuficiente,5.70,dado_insuficiente,dado_insuficiente,-3.98,DADOS_INSUFICIENTES,P/L positivo e baixo; Dívida líq./EBITDA < 3; CFO positivo em >=4 dos 5 anos; FCF positivo em >=3 dos 5 anos,ROE mediano 5a > 12%; CAGR receita > 10%; CAGR lucro > 10%; Lucro positivo nos 5 anos,2026-03-31,2026-05-13,http://www.rad.cvm.gov.br/ENETCONSULTA/frmDownloadDocumento.aspx?CodigoInstituicao=1&NumeroSequencialDocumento=157331,CVM DFP/ITR (dados.cvm.gov.br); B3 COTAHIST; preços não ajustados
"BRAP3,BRAP4",BRADESPAR S.A.,18724,Emp. Adm. Part. - Extração Mineral,2026-07-27,8101392250.0,43212725.46031746,4.27,1.03,24.77,dado_insuficiente,indisponivel,dado_insuficiente,dado_insuficiente,0.52,DADOS_INSUFICIENTES,P/VPA < 1; CFO positivo em >=4 dos 5 anos,ROE mediano 5a > 12%; Dívida líq./EBITDA < 3; CAGR receita > 10%; CAGR lucro > 10%; Receita estável (sem queda >15%); Lucro positivo nos 5 anos,2023-12-31,2024-03-27,http://www.rad.cvm.gov.br/ENETCONSULTA/frmDownloadDocumento.aspx?CodigoInstituicao=1&NumeroSequencialDocumento=135181,CVM DFP/ITR (dados.cvm.gov.br); B3 COTAHIST; preços não ajustados
,BRASIL BIOFUELS S.A.,27375,Energia Elétrica,,,,indisponivel,indisponivel,indisponivel,dado_insuficiente,indisponivel,dado_insuficiente,dado_insuficiente,indisponivel,DADOS_INSUFICIENTES,Receita estável (sem queda >15%); CFO positivo em >=4 dos 5 anos; FCF positivo em >=3 dos 5 anos,P/VPA < 1; P/L positivo e baixo; ROE mediano 5a > 12%; Dívida líq./EBITDA < 3; CAGR receita > 10%; CAGR lucro > 10%; Lucro positivo nos 5 anos; Liquidez >= R$5M/dia,2025-09-30,2025-12-19,http://www.rad.cvm.gov.br/ENETCONSULTA/frmDownloadDocumento.aspx?CodigoInstituicao=1&NumeroSequencialDocumento=153925,CVM DFP/ITR (dados.cvm.gov.br); B3 COTAHIST; preços não ajustados
,BRASIL TECNOLOGIA E PARTICIPAÇÕES S.A.,27499,Telecomunicações,,,,indisponivel,indisponivel,-1.95,dado_insuficiente,3.08,dado_insuficiente,dado_insuficiente,nao_aplicavel,DADOS_INSUFICIENTES,Dívida líq./EBITDA < 3; CFO positivo em >=4 dos 5 anos; FCF positivo em >=3 dos 5 anos,P/VPA < 1; P/L positivo e baixo; ROE mediano 5a > 12%; CAGR receita > 10%; CAGR lucro > 10%; Lucro positivo nos 5 anos; Liquidez >= R$5M/dia,2026-03-31,2026-05-11,http://www.rad.cvm.gov.br/ENETCONSULTA/frmDownloadDocumento.aspx?CodigoInstituicao=1&NumeroSequencialDocumento=157118,CVM DFP/ITR (dados.cvm.gov.br); B3 COTAHIST; preços não ajustados
"BRKM3,BRKM5,BRKM6",BRASKEM S.A.,4820,Petroquímicos e Borracha,2026-07-27,,61782797.93650793,indisponivel,indisponivel,nao_aplicavel,dado_insuficiente,18.09,-9.54,serie_nao_comparavel,nao_aplicavel,DADOS_INSUFICIENTES,Dívida líq./EBITDA < 3; CAGR receita > 10%; Receita estável (sem queda >15%); Lucro positivo nos 5 anos; CFO positivo em >=4 dos 5 anos; FCF positivo em >=3 dos 5 anos,P/VPA < 1; P/L positivo e baixo; ROE mediano 5a > 12%; CAGR lucro > 10%,2026-03-31,2026-05-14,http://www.rad.cvm.gov.br/ENETCONSULTA/frmDownloadDocumento.aspx?CodigoInstituicao=1&NumeroSequencialDocumento=157346,CVM DFP/ITR (dados.cvm.gov.br); B3 COTAHIST; preços não ajustados
,"BRAZIL TOWER, CESSÃO DE INFRA-ESTRUTURAS S.A",27316,Telecomunicações,,,,indisponivel,indisponivel,9.83,dado_insuficiente,6.61,dado_insuficiente,dado_insuficiente,3.14,DADOS_INSUFICIENTES,Dívida líq./EBITDA < 3; CFO positivo em >=4 dos 5 anos; FCF positivo em >=3 dos 5 anos,P/VPA < 1; P/L positivo e baixo; ROE mediano 5a > 12%; CAGR receita > 10%; CAGR lucro > 10%; Lucro positivo nos 5 anos; Liquidez >= R$5M/dia,2026-03-31,2026-05-14,http://www.rad.cvm.gov.br/ENETCONSULTA/frmDownloadDocumento.aspx?CodigoInstituicao=1&NumeroSequencialDocumento=157438,CVM DFP/ITR (dados.cvm.gov.br); B3 COTAHIST; preços não ajustados
"BSLI3,BSLI4",BRB BANCO DE BRASILIA S.A.,14206,Bancos,2026-07-27,1435894806.12,105147.3492063492,indisponivel,0.37,indisponivel,dado_insuficiente,nao_aplicavel,dado_insuficiente,dado_insuficiente,indisponivel,DADOS_INSUFICIENTES,Receita estável (sem queda >15%); Liquidez >= R$5M/dia,P/L positivo e baixo; ROE mediano 5a > 12%; Dívida líq./EBITDA < 3; CAGR receita > 10%; CAGR lucro > 10%; Lucro positivo nos 5 anos; CFO positivo em >=4 dos 5 anos; FCF positivo em >=3 dos 5 anos,2025-03-31,2025-08-29,http://www.rad.cvm.gov.br/ENETCONSULTA/frmDownloadDocumento.aspx?CodigoInstituicao=1&NumeroSequencialDocumento=151706,CVM DFP/ITR (dados.cvm.gov.br); B3 COTAHIST; preços não ajustados
BRBI11,BRBI BR PARTNERS S.A,25860,Emp. Adm. Part. - Bancos,2026-07-27,,4405610.142857143,indisponivel,indisponivel,21.52,20.57,nao_aplicavel,9.00,6.00,-1.80,DADOS_INSUFICIENTES,CAGR receita > 10%; CAGR lucro > 10%; Liquidez >= R$5M/dia,P/VPA < 1; P/L positivo e baixo; Dívida líq./EBITDA < 3; CFO positivo em >=4 dos 5 anos; FCF positivo em >=3 dos 5 anos,2026-03-31,2026-05-07,http://www.rad.cvm.gov.br/ENETCONSULTA/frmDownloadDocumento.aspx?CodigoInstituicao=1&NumeroSequencialDocumento=156836,CVM DFP/ITR (dados.cvm.gov.br); B3 COTAHIST; preços não ajustados
,BRISANET SERVIÇOS DE TELECOMUNICAÇÕES S.A.,27693,Telecomunicações,,,,indisponivel,indisponivel,2.54,dado_insuficiente,2.24,dado_insuficiente,dado_insuficiente,10.41,DADOS_INSUFICIENTES,CFO positivo em >=4 dos 5 anos; FCF positivo em >=3 dos 5 anos,P/VPA < 1; P/L positivo e baixo; ROE mediano 5a > 12%; CAGR receita > 10%; CAGR lucro > 10%; Lucro positivo nos 5 anos; Liquidez >= R$5M/dia,2026-03-31,2026-05-12,http://www.rad.cvm.gov.br/ENETCONSULTA/frmDownloadDocumento.aspx?CodigoInstituicao=1&NumeroSequencialDocumento=157173,CVM DFP/ITR (dados.cvm.gov.br); B3 COTAHIST; preços não ajustados
,BRK AMBIENTAL PARTICIPAÇÕES S.A.,24830,"Emp. Adm. Part. - Saneamento, Serv. Água e Gás",,,,indisponivel,indisponivel,-1.90,-1.57,5.96,8.47,serie_nao_comparavel,nao_aplicavel,DADOS_INSUFICIENTES,ROE mediano 5a > 12%; Dívida líq./EBITDA < 3; CAGR receita > 10%; Lucro positivo nos 5 anos; FCF positivo em >=3 dos 5 anos,P/VPA < 1; P/L positivo e baixo; CAGR lucro > 10%; Liquidez >= R$5M/dia,2026-03-31,2026-05-15,http://www.rad.cvm.gov.br/ENETCONSULTA/frmDownloadDocumento.aspx?CodigoInstituicao=1&NumeroSequencialDocumento=157502,CVM DFP/ITR (dados.cvm.gov.br); B3 COTAHIST; preços não ajustados
BRQB,BRQ SOLUCOES EM INFORMATICA S.A.,23817,Comunicação e Informática,,,,indisponivel,indisponivel,68.36,39.06,indisponivel,-1.30,16.26,0.63,DADOS_INSUFICIENTES,CAGR receita > 10%; FCF positivo em >=3 dos 5 anos,P/VPA < 1; P/L positivo e baixo; Dívida líq./EBITDA < 3; Liquidez >= R$5M/dia,2026-03-31,2026-05-15,http://www.rad.cvm.gov.br/ENETCONSULTA/frmDownloadDocumento.aspx?CodigoInstituicao=1&NumeroSequencialDocumento=157499,CVM DFP/ITR (dados.cvm.gov.br); B3 COTAHIST; preços não ajustados
,BRZ EMPREENDIMENTOS E CONSTRUÇÕES S.A.,27391,"Construção Civil, Mat. Constr. e Decoração",,,,indisponivel,indisponivel,9.57,dado_insuficiente,3.76,dado_insuficiente,dado_insuficiente,-2.49,DADOS_INSUFICIENTES,Dívida líq./EBITDA < 3; CFO positivo em >=4 dos 5 anos,P/VPA < 1; P/L positivo e baixo; ROE mediano 5a > 12%; CAGR receita > 10%; CAGR lucro > 10%; Lucro positivo nos 5 anos; Liquidez >= R$5M/dia,2026-03-31,2026-05-15,http://www.rad.cvm.gov.br/ENETCONSULTA/frmDownloadDocumento.aspx?CodigoInstituicao=1&NumeroSequencialDocumento=157602,CVM DFP/ITR (dados.cvm.gov.br); B3 COTAHIST; preços não ajustados
,BTG PACTUAL COMMODITIES SERTRADING S.A.,27774,Comércio (Atacado e Varejo),,,,indisponivel,indisponivel,10.08,dado_insuficiente,nao_aplicavel,dado_insuficiente,dado_insuficiente,-2.67,DADOS_INSUFICIENTES,Receita estável (sem queda >15%); CFO positivo em >=4 dos 5 anos; FCF positivo em >=3 dos 5 anos,P/VPA < 1; P/L positivo e baixo; ROE mediano 5a > 12%; Dívida líq./EBITDA < 3; CAGR receita > 10%; CAGR lucro > 10%; Lucro positivo nos 5 anos; Liquidez >= R$5M/dia,2026-03-31,2026-05-11,http://www.rad.cvm.gov.br/ENETCONSULTA/frmDownloadDocumento.aspx?CodigoInstituicao=1&NumeroSequencialDocumento=157047,CVM DFP/ITR (dados.cvm.gov.br); B3 COTAHIST; preços não ajustados
CXSE3,CAIXA SEGURIDADE PARTICIPAÇÕES S.A.,23795,Emp. Adm. Part. - Seguradoras e Corretoras,2026-07-27,62160000000.0,100738475.92063493,14.15,4.51,32.15,30.04,nao_aplicavel,serie_nao_comparavel,22.66,0.87,DADOS_INSUFICIENTES,P/VPA < 1; P/L positivo e baixo,Dívida líq./EBITDA < 3; CAGR receita > 10%; Receita estável (sem queda >15%); CFO positivo em >=4 dos 5 anos; FCF positivo em >=3 dos 5 anos,2026-03-31,2026-05-07,http://www.rad.cvm.gov.br/ENETCONSULTA/frmDownloadDocumento.aspx?CodigoInstituicao=1&NumeroSequencialDocumento=156895,CVM DFP/ITR (dados.cvm.gov.br); B3 COTAHIST; preços não ajustados
,CANTU STORE S.A.,26646,Emp. Adm. Part. - Comércio (Atacado e Varejo),,,,indisponivel,indisponivel,-0.45,dado_insuficiente,2.61,dado_insuficiente,dado_insuficiente,nao_aplicavel,DADOS_INSUFICIENTES,CFO positivo em >=4 dos 5 anos; FCF positivo em >=3 dos 5 anos,P/VPA < 1; P/L positivo e baixo; ROE mediano 5a > 12%; CAGR receita > 10%; CAGR lucro > 10%; Lucro positivo nos 5 anos; Liquidez >= R$5M/dia,2026-03-31,2026-05-08,http://www.rad.cvm.gov.br/ENETCONSULTA/frmDownloadDocumento.aspx?CodigoInstituicao=1&NumeroSequencialDocumento=157008,CVM DFP/ITR (dados.cvm.gov.br); B3 COTAHIST; preços não ajustados
,CEL PARTICIPAÇÕES S.A. - CELPAR,16675,Emp. Adm. Part. - Educação,,,,indisponivel,indisponivel,nao_aplicavel,dado_insuficiente,indisponivel,11.82,-30.35,indisponivel,DADOS_INSUFICIENTES,CAGR lucro > 10%; CFO positivo em >=4 dos 5 anos; FCF positivo em >=3 dos 5 anos,P/VPA < 1; P/L positivo e baixo; ROE mediano 5a > 12%; Dívida líq./EBITDA < 3; Liquidez >= R$5M/dia,2026-03-31,2026-05-15,http://www.rad.cvm.gov.br/ENETCONSULTA/frmDownloadDocumento.aspx?CodigoInstituicao=1&NumeroSequencialDocumento=157516,CVM DFP/ITR (dados.cvm.gov.br); B3 COTAHIST; preços não ajustados
,CELEO REDES TRANSMISSÃO DE ENERGIA S.A.,24597,Emp. Adm. Part. - Energia Elétrica,,,,indisponivel,indisponivel,11.70,14.32,indisponivel,0.92,-19.39,2.29,DADOS_INSUFICIENTES,CAGR receita > 10%; CAGR lucro > 10%; Receita estável (sem queda >15%),P/VPA < 1; P/L positivo e baixo; Dívida líq./EBITDA < 3; Liquidez >= R$5M/dia,2026-03-31,2026-05-14,http://www.rad.cvm.gov.br/ENETCONSULTA/frmDownloadDocumento.aspx?CodigoInstituicao=1&NumeroSequencialDocumento=157362,CVM DFP/ITR (dados.cvm.gov.br); B3 COTAHIST; preços não ajustados
,CERRADINHO BIOENERGIA S.A.,26522,"Agricultura (Açúcar, Álcool e Cana)",,,,indisponivel,indisponivel,indisponivel,16.95,indisponivel,22.22,-7.20,indisponivel,DADOS_INSUFICIENTES,CAGR lucro > 10%; FCF positivo em >=3 dos 5 anos,P/VPA < 1; P/L positivo e baixo; Dívida líq./EBITDA < 3; Liquidez >= R$5M/dia,2025-12-31,2026-02-11,http://www.rad.cvm.gov.br/ENETCONSULTA/frmDownloadDocumento.aspx?CodigoInstituicao=1&NumeroSequencialDocumento=154712,CVM DFP/ITR (dados.cvm.gov.br); B3 COTAHIST; preços não ajustados
GPAR3,CIA CELG DE PARTICIPACOES - CELGPAR,21393,Emp. Adm. Part. - Energia Elétrica,2026-07-16,837394760.0,2420.0526315789475,indisponivel,1.13,indisponivel,dado_insuficiente,indisponivel,dado_insuficiente,dado_insuficiente,indisponivel,DADOS_INSUFICIENTES,P/VPA < 1; Receita estável (sem queda >15%); CFO positivo em >=4 dos 5 anos; FCF positivo em >=3 dos 5 anos; Liquidez >= R$5M/dia,P/L positivo e baixo; ROE mediano 5a > 12%; Dívida líq./EBITDA < 3; CAGR receita > 10%; CAGR lucro > 10%; Lucro positivo nos 5 anos,2025-09-30,2025-11-14,http://www.rad.cvm.gov.br/ENETCONSULTA/frmDownloadDocumento.aspx?CodigoInstituicao=1&NumeroSequencialDocumento=153273,CVM DFP/ITR (dados.cvm.gov.br); B3 COTAHIST; preços não ajustados
"CEDO3,CEDO4",CIA FIACAO TECIDOS CEDRO CACHOEIRA,3077,Têxtil e Vestuário,2026-07-24,77661460.37,36557.50793650794,indisponivel,0.27,indisponivel,dado_insuficiente,indisponivel,dado_insuficiente,dado_insuficiente,indisponivel,DADOS_INSUFICIENTES,CFO positivo em >=4 dos 5 anos; FCF positivo em >=3 dos 5 anos; Liquidez >= R$5M/dia,P/L positivo e baixo; ROE mediano 5a > 12%; Dívida líq./EBITDA < 3; CAGR receita > 10%; CAGR lucro > 10%; Lucro positivo nos 5 anos,2025-09-30,2025-11-13,http://www.rad.cvm.gov.br/ENETCONSULTA/frmDownloadDocumento.aspx?CodigoInstituicao=1&NumeroSequencialDocumento=153162,CVM DFP/ITR (dados.cvm.gov.br); B3 COTAHIST; preços não ajustados
SBSP3,CIA SANEAMENTO BASICO EST SAO PAULO,14443,"Saneamento, Serv. Água e Gás",2026-07-27,,407920043.84126985,indisponivel,indisponivel,20.28,dado_insuficiente,2.11,dado_insuficiente,dado_insuficiente,0.92,DADOS_INSUFICIENTES,CFO positivo em >=4 dos 5 anos; FCF positivo em >=3 dos 5 anos,P/VPA < 1; P/L positivo e baixo; ROE mediano 5a > 12%; CAGR receita > 10%; CAGR lucro > 10%; Lucro positivo nos 5 anos,2026-03-31,2026-05-07,http://www.rad.cvm.gov.br/ENETCONSULTA/frmDownloadDocumento.aspx?CodigoInstituicao=1&NumeroSequencialDocumento=156904,CVM DFP/ITR (dados.cvm.gov.br); B3 COTAHIST; preços não ajustados
4030,CIA SIDERURGICA NACIONAL,4030,Metalurgia e Siderurgia,,,,indisponivel,indisponivel,-15.54,-8.82,4.42,-1.67,serie_nao_comparavel,nao_aplicavel,DADOS_INSUFICIENTES,ROE mediano 5a > 12%; Dívida líq./EBITDA < 3; CAGR receita > 10%; Lucro positivo nos 5 anos,P/VPA < 1; P/L positivo e baixo; CAGR lucro > 10%; Liquidez >= R$5M/dia,2026-03-31,2026-05-13,http://www.rad.cvm.gov.br/ENETCONSULTA/frmDownloadDocumento.aspx?CodigoInstituicao=1&NumeroSequencialDocumento=157335,CVM DFP/ITR (dados.cvm.gov.br); B3 COTAHIST; preços não ajustados
,CIELO S.A. -  INSTITUIÇÃO DE PAGAMENTO,21733,Intermediação Financeira,,,,indisponivel,indisponivel,16.11,15.69,nao_aplicavel,-1.61,turnaround,2.58,DADOS_INSUFICIENTES,CAGR receita > 10%; Lucro positivo nos 5 anos,P/VPA < 1; P/L positivo e baixo; Dívida líq./EBITDA < 3; CAGR lucro > 10%; CFO positivo em >=4 dos 5 anos; FCF positivo em >=3 dos 5 anos; Liquidez >= R$5M/dia,2026-03-31,2026-05-15,http://www.rad.cvm.gov.br/ENETCONSULTA/frmDownloadDocumento.aspx?CodigoInstituicao=1&NumeroSequencialDocumento=157624,CVM DFP/ITR (dados.cvm.gov.br); B3 COTAHIST; preços não ajustados
,CLI SUL S.A.,27243,Serviços Transporte e Logística,,,,indisponivel,indisponivel,nao_aplicavel,dado_insuficiente,nao_aplicavel,dado_insuficiente,dado_insuficiente,nao_aplicavel,DADOS_INSUFICIENTES,Receita estável (sem queda >15%); CFO positivo em >=4 dos 5 anos,P/VPA < 1; P/L positivo e baixo; ROE mediano 5a > 12%; Dívida líq./EBITDA < 3; CAGR receita > 10%; CAGR lucro > 10%; Lucro positivo nos 5 anos; Liquidez >= R$5M/dia,2026-03-31,2026-05-08,http://www.rad.cvm.gov.br/ENETCONSULTA/frmDownloadDocumento.aspx?CodigoInstituicao=1&NumeroSequencialDocumento=157000,CVM DFP/ITR (dados.cvm.gov.br); B3 COTAHIST; preços não ajustados
,COBRASMA S.A.,4448,"Máquinas, Equipamentos, Veículos e Peças",,,,indisponivel,indisponivel,nao_aplicavel,dado_insuficiente,indisponivel,4.87,turnaround,0.00,DADOS_INSUFICIENTES,CAGR receita > 10%; Lucro positivo nos 5 anos; CFO positivo em >=4 dos 5 anos; FCF positivo em >=3 dos 5 anos,P/VPA < 1; P/L positivo e baixo; ROE mediano 5a > 12%; Dívida líq./EBITDA < 3; CAGR lucro > 10%; Liquidez >= R$5M/dia,2026-03-31,2026-05-15,http://www.rad.cvm.gov.br/ENETCONSULTA/frmDownloadDocumento.aspx?CodigoInstituicao=1&NumeroSequencialDocumento=157567,CVM DFP/ITR (dados.cvm.gov.br); B3 COTAHIST; preços não ajustados
,COMERC ENERGIA S.A.,26280,Energia Elétrica,,,,indisponivel,indisponivel,-7.38,0.09,7.59,11.72,serie_nao_comparavel,nao_aplicavel,DADOS_INSUFICIENTES,ROE mediano 5a > 12%; Dívida líq./EBITDA < 3; Lucro positivo nos 5 anos; CFO positivo em >=4 dos 5 anos; FCF positivo em >=3 dos 5 anos,P/VPA < 1; P/L positivo e baixo; CAGR lucro > 10%; Liquidez >= R$5M/dia,2026-03-31,2026-05-06,http://www.rad.cvm.gov.br/ENETCONSULTA/frmDownloadDocumento.aspx?CodigoInstituicao=1&NumeroSequencialDocumento=156756,CVM DFP/ITR (dados.cvm.gov.br); B3 COTAHIST; preços não ajustados
,COMPANHIA BRASILEIRA DE EDUCAÇÃO E SISTEMA DE ENSINO S.A.,28002,Educação,,,,indisponivel,indisponivel,indisponivel,dado_insuficiente,indisponivel,dado_insuficiente,dado_insuficiente,indisponivel,DADOS_INSUFICIENTES,CFO positivo em >=4 dos 5 anos; FCF positivo em >=3 dos 5 anos,P/VPA < 1; P/L positivo e baixo; ROE mediano 5a > 12%; Dívida líq./EBITDA < 3; CAGR receita > 10%; CAGR lucro > 10%; Receita estável (sem queda >15%); Lucro positivo nos 5 anos; Liquidez >= R$5M/dia,2026-03-31,2026-05-13,http://www.rad.cvm.gov.br/ENETCONSULTA/frmDownloadDocumento.aspx?CodigoInstituicao=1&NumeroSequencialDocumento=157345,CVM DFP/ITR (dados.cvm.gov.br); B3 COTAHIST; preços não ajustados
,COMPANHIA ESTADUAL DE GERAÇÃO DE ENERGIA ELÉTRICA - CEEE-G,27154,Energia Elétrica,,,,indisponivel,indisponivel,-0.21,-0.98,3.24,-6.53,serie_nao_comparavel,nao_aplicavel,DADOS_INSUFICIENTES,ROE mediano 5a > 12%; Dívida líq./EBITDA < 3; CAGR receita > 10%; Receita estável (sem queda >15%); Lucro positivo nos 5 anos; CFO positivo em >=4 dos 5 anos; FCF positivo em >=3 dos 5 anos,P/VPA < 1; P/L positivo e baixo; CAGR lucro > 10%; Liquidez >= R$5M/dia,2026-03-31,2026-05-13,http://www.rad.cvm.gov.br/ENETCONSULTA/frmDownloadDocumento.aspx?CodigoInstituicao=1&NumeroSequencialDocumento=157312,CVM DFP/ITR (dados.cvm.gov.br); B3 COTAHIST; preços não ajustados
,CONCEBRA - CONCESSIONARIA DAS RODOVIAS CENTRAIS DO BRASIL,23868,Serviços Transporte e Logística,,,,indisponivel,indisponivel,indisponivel,dado_insuficiente,17.74,dado_insuficiente,dado_insuficiente,nao_aplicavel,DADOS_INSUFICIENTES,Dívida líq./EBITDA < 3; CFO positivo em >=4 dos 5 anos; FCF positivo em >=3 dos 5 anos,P/VPA < 1; P/L positivo e baixo; ROE mediano 5a > 12%; CAGR receita > 10%; CAGR lucro > 10%; Receita estável (sem queda >15%); Lucro positivo nos 5 anos; Liquidez >= R$5M/dia,2021-12-31,2022-03-25,http://www.rad.cvm.gov.br/ENETCONSULTA/frmDownloadDocumento.aspx?CodigoInstituicao=1&NumeroSequencialDocumento=113026,CVM DFP/ITR (dados.cvm.gov.br); B3 COTAHIST; preços não ajustados
,CONCESSIONÁRIA DA LINHA 4 DO METRÔ DE SÃO PAULO S.A.,27731,Emp. Adm. Part. - Serviços Transporte e Logística,,,,indisponivel,indisponivel,221.40,dado_insuficiente,0.63,dado_insuficiente,dado_insuficiente,1.11,DADOS_INSUFICIENTES,Receita estável (sem queda >15%); CFO positivo em >=4 dos 5 anos,P/VPA < 1; P/L positivo e baixo; ROE mediano 5a > 12%; CAGR receita > 10%; CAGR lucro > 10%; Lucro positivo nos 5 anos; Liquidez >= R$5M/dia,2026-03-31,2026-05-13,http://www.rad.cvm.gov.br/ENETCONSULTA/frmDownloadDocumento.aspx?CodigoInstituicao=1&NumeroSequencialDocumento=157306,CVM DFP/ITR (dados.cvm.gov.br); B3 COTAHIST; preços não ajustados
"ODER3,ODER4",CONSERVAS ODERICH S.A.,4693,Alimentos,,,,indisponivel,indisponivel,11.49,16.28,indisponivel,5.83,-5.84,1.42,DADOS_INSUFICIENTES,CAGR receita > 10%; CAGR lucro > 10%; CFO positivo em >=4 dos 5 anos; FCF positivo em >=3 dos 5 anos,P/VPA < 1; P/L positivo e baixo; Dívida líq./EBITDA < 3; Liquidez >= R$5M/dia,2026-03-31,2026-05-15,http://www.rad.cvm.gov.br/ENETCONSULTA/frmDownloadDocumento.aspx?CodigoInstituicao=1&NumeroSequencialDocumento=157557,CVM DFP/ITR (dados.cvm.gov.br); B3 COTAHIST; preços não ajustados
,CONSTRUTORA METROCASA S.A.,27340,"Construção Civil, Mat. Constr. e Decoração",,,,indisponivel,indisponivel,122.51,dado_insuficiente,0.92,dado_insuficiente,dado_insuficiente,-0.09,DADOS_INSUFICIENTES,CFO positivo em >=4 dos 5 anos; FCF positivo em >=3 dos 5 anos,P/VPA < 1; P/L positivo e baixo; ROE mediano 5a > 12%; CAGR receita > 10%; CAGR lucro > 10%; Lucro positivo nos 5 anos; Liquidez >= R$5M/dia,2026-03-31,2026-05-15,http://www.rad.cvm.gov.br/ENETCONSULTA/frmDownloadDocumento.aspx?CodigoInstituicao=1&NumeroSequencialDocumento=157545,CVM DFP/ITR (dados.cvm.gov.br); B3 COTAHIST; preços não ajustados
,CONSTRUTORA SULTEPA S.A. - EM RECUPERAÇÃO JUDICIAL,13030,"Construção Civil, Mat. Constr. e Decoração",,,,indisponivel,indisponivel,12.81,17.81,nao_aplicavel,16.35,0.42,0.11,DADOS_INSUFICIENTES,CAGR lucro > 10%,P/VPA < 1; P/L positivo e baixo; Dívida líq./EBITDA < 3; Liquidez >= R$5M/dia,2026-03-31,2026-05-15,http://www.rad.cvm.gov.br/ENETCONSULTA/frmDownloadDocumento.aspx?CodigoInstituicao=1&NumeroSequencialDocumento=157550,CVM DFP/ITR (dados.cvm.gov.br); B3 COTAHIST; preços não ajustados
,CORPÓREOS - SERVIÇOS TERAPÊUTICOS S.A.,27669,Serviços Médicos,,,,indisponivel,indisponivel,5.57,dado_insuficiente,2.96,dado_insuficiente,dado_insuficiente,3.63,DADOS_INSUFICIENTES,CFO positivo em >=4 dos 5 anos; FCF positivo em >=3 dos 5 anos,P/VPA < 1; P/L positivo e baixo; ROE mediano 5a > 12%; CAGR receita > 10%; CAGR lucro > 10%; Lucro positivo nos 5 anos; Liquidez >= R$5M/dia,2026-03-31,2026-05-15,http://www.rad.cvm.gov.br/ENETCONSULTA/frmDownloadDocumento.aspx?CodigoInstituicao=1&NumeroSequencialDocumento=157643,CVM DFP/ITR (dados.cvm.gov.br); B3 COTAHIST; preços não ajustados
,CORREDOR LOGÍSTICA E INFRAESTRUTURA S.A.,27260,Serviços Transporte e Logística,,,,indisponivel,indisponivel,-5.48,dado_insuficiente,2.24,dado_insuficiente,dado_insuficiente,nao_aplicavel,DADOS_INSUFICIENTES,,P/VPA < 1; P/L positivo e baixo; ROE mediano 5a > 12%; CAGR receita > 10%; CAGR lucro > 10%; Lucro positivo nos 5 anos; Liquidez >= R$5M/dia,2026-03-31,2026-05-08,http://www.rad.cvm.gov.br/ENETCONSULTA/frmDownloadDocumento.aspx?CodigoInstituicao=1&NumeroSequencialDocumento=157003,CVM DFP/ITR (dados.cvm.gov.br); B3 COTAHIST; preços não ajustados
,CPX DISTRIBUIDORA S.A.,27839,Comércio (Atacado e Varejo),,,,indisponivel,indisponivel,-1.58,dado_insuficiente,3.69,dado_insuficiente,dado_insuficiente,nao_aplicavel,DADOS_INSUFICIENTES,Dívida líq./EBITDA < 3; CFO positivo em >=4 dos 5 anos; FCF positivo em >=3 dos 5 anos,P/VPA < 1; P/L positivo e baixo; ROE mediano 5a > 12%; CAGR receita > 10%; CAGR lucro > 10%; Lucro positivo nos 5 anos; Liquidez >= R$5M/dia,2026-03-31,2026-05-08,http://www.rad.cvm.gov.br/ENETCONSULTA/frmDownloadDocumento.aspx?CodigoInstituicao=1&NumeroSequencialDocumento=157009,CVM DFP/ITR (dados.cvm.gov.br); B3 COTAHIST; preços não ajustados
CSUD3,CSU DIGITAL S.A.,20044,Emp. Adm. Part. - Sem Setor Principal,2026-07-27,593786000.0,1566739.0793650793,5.84,1.24,21.57,dado_insuficiente,0.32,dado_insuficiente,dado_insuficiente,1.58,DADOS_INSUFICIENTES,P/VPA < 1; CFO positivo em >=4 dos 5 anos; Liquidez >= R$5M/dia,ROE mediano 5a > 12%; CAGR receita > 10%; CAGR lucro > 10%; Lucro positivo nos 5 anos,2026-03-31,2026-05-06,http://www.rad.cvm.gov.br/ENETCONSULTA/frmDownloadDocumento.aspx?CodigoInstituicao=1&NumeroSequencialDocumento=156736,CVM DFP/ITR (dados.cvm.gov.br); B3 COTAHIST; preços não ajustados
CTCA3,CTC - CENTRO DE TECNOLOGIA CANAVIEIRA S.A.,23981,"Agricultura (Açúcar, Álcool e Cana)",,,,indisponivel,indisponivel,indisponivel,16.61,indisponivel,5.75,12.83,indisponivel,DADOS_INSUFICIENTES,CAGR receita > 10%; FCF positivo em >=3 dos 5 anos,P/VPA < 1; P/L positivo e baixo; Dívida líq./EBITDA < 3; Liquidez >= R$5M/dia,2025-12-31,2026-02-12,http://www.rad.cvm.gov.br/ENETCONSULTA/frmDownloadDocumento.aspx?CodigoInstituicao=1&NumeroSequencialDocumento=154738,CVM DFP/ITR (dados.cvm.gov.br); B3 COTAHIST; preços não ajustados
,CVLB BRASIL S.A,25542,Comércio (Atacado e Varejo),,,,indisponivel,indisponivel,-29157.39,-62.69,12.13,30.43,serie_nao_comparavel,nao_aplicavel,DADOS_INSUFICIENTES,ROE mediano 5a > 12%; Dívida líq./EBITDA < 3; Lucro positivo nos 5 anos,P/VPA < 1; P/L positivo e baixo; CAGR lucro > 10%; Liquidez >= R$5M/dia,2025-12-31,2026-05-29,http://www.rad.cvm.gov.br/ENETCONSULTA/frmDownloadDocumento.aspx?CodigoInstituicao=1&NumeroSequencialDocumento=158625,CVM DFP/ITR (dados.cvm.gov.br); B3 COTAHIST; preços não ajustados
"DOHL3,DOHL4",DOHLER S.A.,5207,Têxtil e Vestuário,2026-07-27,432655693.64,11572.730158730159,indisponivel,0.63,indisponivel,dado_insuficiente,indisponivel,dado_insuficiente,dado_insuficiente,indisponivel,DADOS_INSUFICIENTES,CFO positivo em >=4 dos 5 anos; FCF positivo em >=3 dos 5 anos; Liquidez >= R$5M/dia,P/L positivo e baixo; ROE mediano 5a > 12%; Dívida líq./EBITDA < 3; CAGR receita > 10%; CAGR lucro > 10%; Receita estável (sem queda >15%); Lucro positivo nos 5 anos,2026-03-31,2026-05-15,http://www.rad.cvm.gov.br/ENETCONSULTA/frmDownloadDocumento.aspx?CodigoInstituicao=1&NumeroSequencialDocumento=157571,CVM DFP/ITR (dados.cvm.gov.br); B3 COTAHIST; preços não ajustados
,ELEA DIGITAL INFRAESTRUTURA E REDES DE TELECOMUNICAÇÕES S.A.,26948,Comunicação e Informática,,,,indisponivel,indisponivel,indisponivel,dado_insuficiente,indisponivel,dado_insuficiente,dado_insuficiente,indisponivel,DADOS_INSUFICIENTES,CFO positivo em >=4 dos 5 anos; FCF positivo em >=3 dos 5 anos,P/VPA < 1; P/L positivo e baixo; ROE mediano 5a > 12%; Dívida líq./EBITDA < 3; CAGR receita > 10%; CAGR lucro > 10%; Receita estável (sem queda >15%); Lucro positivo nos 5 anos; Liquidez >= R$5M/dia,2026-03-31,2026-05-15,http://www.rad.cvm.gov.br/ENETCONSULTA/frmDownloadDocumento.aspx?CodigoInstituicao=1&NumeroSequencialDocumento=157621,CVM DFP/ITR (dados.cvm.gov.br); B3 COTAHIST; preços não ajustados
,ELFA MEDICAMENTOS S.A.,25348,Serviços Médicos,,,,indisponivel,indisponivel,-26.99,-3.00,5.72,-6.01,serie_nao_comparavel,nao_aplicavel,DADOS_INSUFICIENTES,ROE mediano 5a > 12%; Dívida líq./EBITDA < 3; CAGR receita > 10%; Receita estável (sem queda >15%); Lucro positivo nos 5 anos; CFO positivo em >=4 dos 5 anos; FCF positivo em >=3 dos 5 anos,P/VPA < 1; P/L positivo e baixo; CAGR lucro > 10%; Liquidez >= R$5M/dia,2026-03-31,2026-05-15,http://www.rad.cvm.gov.br/ENETCONSULTA/frmDownloadDocumento.aspx?CodigoInstituicao=1&NumeroSequencialDocumento=157639,CVM DFP/ITR (dados.cvm.gov.br); B3 COTAHIST; preços não ajustados
1545-8,EMBPAR PARTICIPAÇÕES S/A,15458,Emp. Adm. Part. - Sem Setor Principal,,,,indisponivel,indisponivel,1.12,1.99,-11.41,-77.56,serie_nao_comparavel,-19.61,DADOS_INSUFICIENTES,ROE mediano 5a > 12%; CAGR receita > 10%; Receita estável (sem queda >15%); Lucro positivo nos 5 anos; CFO positivo em >=4 dos 5 anos; FCF positivo em >=3 dos 5 anos,P/VPA < 1; P/L positivo e baixo; CAGR lucro > 10%; Liquidez >= R$5M/dia,2026-03-31,2026-05-12,http://www.rad.cvm.gov.br/ENETCONSULTA/frmDownloadDocumento.aspx?CodigoInstituicao=1&NumeroSequencialDocumento=157122,CVM DFP/ITR (dados.cvm.gov.br); B3 COTAHIST; preços não ajustados
PGMN3,EMPREENDIMENTOS PAGUE MENOS S.A.,22608,Comércio (Atacado e Varejo),2026-07-27,2387885007.04,20154077.206349205,7.76,0.71,9.56,dado_insuficiente,0.98,dado_insuficiente,dado_insuficiente,0.66,DADOS_INSUFICIENTES,P/L positivo e baixo; FCF positivo em >=3 dos 5 anos,ROE mediano 5a > 12%; CAGR receita > 10%; CAGR lucro > 10%; Lucro positivo nos 5 anos,2026-03-31,2026-05-04,http://www.rad.cvm.gov.br/ENETCONSULTA/frmDownloadDocumento.aspx?CodigoInstituicao=1&NumeroSequencialDocumento=156577,CVM DFP/ITR (dados.cvm.gov.br); B3 COTAHIST; preços não ajustados
,ENVIRONMENTAL ESG PARTICIPAÇÕES S.A.,26271,"Saneamento, Serv. Água e Gás",,,,indisponivel,indisponivel,indisponivel,dado_insuficiente,indisponivel,dado_insuficiente,dado_insuficiente,indisponivel,DADOS_INSUFICIENTES,FCF positivo em >=3 dos 5 anos,P/VPA < 1; P/L positivo e baixo; ROE mediano 5a > 12%; Dívida líq./EBITDA < 3; CAGR receita > 10%; CAGR lucro > 10%; Lucro positivo nos 5 anos; Liquidez >= R$5M/dia,2025-06-30,2025-08-14,http://www.rad.cvm.gov.br/ENETCONSULTA/frmDownloadDocumento.aspx?CodigoInstituicao=1&NumeroSequencialDocumento=151424,CVM DFP/ITR (dados.cvm.gov.br); B3 COTAHIST; preços não ajustados
,EPR INFRAESTRUTURA PR S.A.,27715,Serviços Transporte e Logística,,,,indisponivel,indisponivel,49.11,dado_insuficiente,0.10,dado_insuficiente,dado_insuficiente,1.17,DADOS_INSUFICIENTES,CFO positivo em >=4 dos 5 anos; FCF positivo em >=3 dos 5 anos,P/VPA < 1; P/L positivo e baixo; ROE mediano 5a > 12%; CAGR receita > 10%; CAGR lucro > 10%; Lucro positivo nos 5 anos; Liquidez >= R$5M/dia,2026-03-31,2026-05-15,http://www.rad.cvm.gov.br/ENETCONSULTA/frmDownloadDocumento.aspx?CodigoInstituicao=1&NumeroSequencialDocumento=157609,CVM DFP/ITR (dados.cvm.gov.br); B3 COTAHIST; preços não ajustados
,EQUIPAV SANEAMENTO S.A.,27642,"Saneamento, Serv. Água e Gás",,,,indisponivel,indisponivel,nao_aplicavel,dado_insuficiente,4.21,dado_insuficiente,dado_insuficiente,nao_aplicavel,DADOS_INSUFICIENTES,Dívida líq./EBITDA < 3; CFO positivo em >=4 dos 5 anos; FCF positivo em >=3 dos 5 anos,P/VPA < 1; P/L positivo e baixo; ROE mediano 5a > 12%; CAGR receita > 10%; CAGR lucro > 10%; Lucro positivo nos 5 anos; Liquidez >= R$5M/dia,2026-03-31,2026-05-13,http://www.rad.cvm.gov.br/ENETCONSULTA/frmDownloadDocumento.aspx?CodigoInstituicao=1&NumeroSequencialDocumento=157329,CVM DFP/ITR (dados.cvm.gov.br); B3 COTAHIST; preços não ajustados
,EZ INC INCORPORAÇÕES S.A.,25380,"Construção Civil, Mat. Constr. e Decoração",,,,indisponivel,indisponivel,3.01,0.34,indisponivel,55.90,71.34,-4.20,DADOS_INSUFICIENTES,ROE mediano 5a > 12%; Receita estável (sem queda >15%); Lucro positivo nos 5 anos; CFO positivo em >=4 dos 5 anos; FCF positivo em >=3 dos 5 anos,P/VPA < 1; P/L positivo e baixo; Dívida líq./EBITDA < 3; Liquidez >= R$5M/dia,2026-03-31,2026-05-07,http://www.rad.cvm.gov.br/ENETCONSULTA/frmDownloadDocumento.aspx?CodigoInstituicao=1&NumeroSequencialDocumento=156847,CVM DFP/ITR (dados.cvm.gov.br); B3 COTAHIST; preços não ajustados
,FARMÁCIA E DROGARIA NISSEI S.A.,25429,Comércio (Atacado e Varejo),,,,indisponivel,indisponivel,-21.14,-3.47,indisponivel,16.99,serie_nao_comparavel,nao_aplicavel,DADOS_INSUFICIENTES,ROE mediano 5a > 12%; Lucro positivo nos 5 anos; FCF positivo em >=3 dos 5 anos,P/VPA < 1; P/L positivo e baixo; Dívida líq./EBITDA < 3; CAGR lucro > 10%; Liquidez >= R$5M/dia,2026-03-31,2026-05-15,http://www.rad.cvm.gov.br/ENETCONSULTA/frmDownloadDocumento.aspx?CodigoInstituicao=1&NumeroSequencialDocumento=157632,CVM DFP/ITR (dados.cvm.gov.br); B3 COTAHIST; preços não ajustados
,FGR INCORPORAÇÕES S.A.,28010,"Construção Civil, Mat. Constr. e Decoração",,,,indisponivel,indisponivel,indisponivel,dado_insuficiente,indisponivel,dado_insuficiente,dado_insuficiente,indisponivel,DADOS_INSUFICIENTES,CFO positivo em >=4 dos 5 anos; FCF positivo em >=3 dos 5 anos,P/VPA < 1; P/L positivo e baixo; ROE mediano 5a > 12%; Dívida líq./EBITDA < 3; CAGR receita > 10%; CAGR lucro > 10%; Receita estável (sem queda >15%); Lucro positivo nos 5 anos; Liquidez >= R$5M/dia,2026-03-31,2026-05-15,http://www.rad.cvm.gov.br/ENETCONSULTA/frmDownloadDocumento.aspx?CodigoInstituicao=1&NumeroSequencialDocumento=157663,CVM DFP/ITR (dados.cvm.gov.br); B3 COTAHIST; preços não ajustados
,FIACAO E TECELAGEM SAO JOSE SA EM RECUPERACAO JUDICIAL,5983,Têxtil e Vestuário,,,,indisponivel,indisponivel,nao_aplicavel,dado_insuficiente,indisponivel,-10.36,serie_nao_comparavel,indisponivel,DADOS_INSUFICIENTES,CAGR receita > 10%; Receita estável (sem queda >15%); Lucro positivo nos 5 anos; CFO positivo em >=4 dos 5 anos; FCF positivo em >=3 dos 5 anos,P/VPA < 1; P/L positivo e baixo; ROE mediano 5a > 12%; Dívida líq./EBITDA < 3; CAGR lucro > 10%; Liquidez >= R$5M/dia,2026-03-31,2026-05-15,http://www.rad.cvm.gov.br/ENETCONSULTA/frmDownloadDocumento.aspx?CodigoInstituicao=1&NumeroSequencialDocumento=157656,CVM DFP/ITR (dados.cvm.gov.br); B3 COTAHIST; preços não ajustados
CRDE3,FICA EMPREENDIMENTOS IMOBILIÁRIOS S.A.,20630,"Construção Civil, Mat. Constr. e Decoração",,,,indisponivel,indisponivel,-11.40,-5.89,nao_aplicavel,serie_nao_comparavel,serie_nao_comparavel,nao_aplicavel,DADOS_INSUFICIENTES,ROE mediano 5a > 12%; Receita estável (sem queda >15%); Lucro positivo nos 5 anos; CFO positivo em >=4 dos 5 anos; FCF positivo em >=3 dos 5 anos,P/VPA < 1; P/L positivo e baixo; Dívida líq./EBITDA < 3; CAGR receita > 10%; CAGR lucro > 10%; Liquidez >= R$5M/dia,2026-03-31,2026-07-24,http://www.rad.cvm.gov.br/ENETCONSULTA/frmDownloadDocumento.aspx?CodigoInstituicao=1&NumeroSequencialDocumento=159672,CVM DFP/ITR (dados.cvm.gov.br); B3 COTAHIST; preços não ajustados
FICT3,FICTOR ALIMENTOS S.A.,15423,Emp. Adm. Part. - Alimentos,2026-07-27,8772441.0,5592.809523809524,prejuizo,0.23,indisponivel,dado_insuficiente,nao_aplicavel,dado_insuficiente,dado_insuficiente,nao_aplicavel,DADOS_INSUFICIENTES,P/L positivo e baixo; Receita estável (sem queda >15%); CFO positivo em >=4 dos 5 anos; Liquidez >= R$5M/dia,ROE mediano 5a > 12%; Dívida líq./EBITDA < 3; CAGR receita > 10%; CAGR lucro > 10%; Lucro positivo nos 5 anos,2025-12-31,2026-06-24,http://www.rad.cvm.gov.br/ENETCONSULTA/frmDownloadDocumento.aspx?CodigoInstituicao=1&NumeroSequencialDocumento=159200,CVM DFP/ITR (dados.cvm.gov.br); B3 COTAHIST; preços não ajustados
,FOZ DO RIO CLARO ENERGIA S.A.,26697,Emp. Adm. Part. - Energia Elétrica,,,,indisponivel,indisponivel,-23.91,dado_insuficiente,5.86,dado_insuficiente,dado_insuficiente,nao_aplicavel,DADOS_INSUFICIENTES,Dívida líq./EBITDA < 3,P/VPA < 1; P/L positivo e baixo; ROE mediano 5a > 12%; CAGR receita > 10%; CAGR lucro > 10%; Lucro positivo nos 5 anos; Liquidez >= R$5M/dia,2026-03-31,2026-05-06,http://www.rad.cvm.gov.br/ENETCONSULTA/frmDownloadDocumento.aspx?CodigoInstituicao=1&NumeroSequencialDocumento=156743,CVM DFP/ITR (dados.cvm.gov.br); B3 COTAHIST; preços não ajustados
,"G2D INVESTMENTS, LTD.",80195,,,,,indisponivel,indisponivel,indisponivel,dado_insuficiente,indisponivel,dado_insuficiente,dado_insuficiente,nao_aplicavel,DADOS_INSUFICIENTES,CFO positivo em >=4 dos 5 anos; FCF positivo em >=3 dos 5 anos,P/VPA < 1; P/L positivo e baixo; ROE mediano 5a > 12%; Dívida líq./EBITDA < 3; CAGR receita > 10%; CAGR lucro > 10%; Receita estável (sem queda >15%); Lucro positivo nos 5 anos; Liquidez >= R$5M/dia,2022-12-31,2023-03-31,http://www.rad.cvm.gov.br/ENETCONSULTA/frmDownloadDocumento.aspx?CodigoInstituicao=1&NumeroSequencialDocumento=124939,CVM DFP/ITR (dados.cvm.gov.br); B3 COTAHIST; preços não ajustados
GSHP3,GENERAL SHOPPING E OUTLETS DO BRASIL BRASIL S.A.,21008,Comércio (Atacado e Varejo),2026-07-17,6938750.600000001,2302.031746031746,prejuizo,nao_aplicavel,nao_aplicavel,dado_insuficiente,nao_aplicavel,9.86,turnaround,nao_aplicavel,DADOS_INSUFICIENTES,P/L positivo e baixo; CAGR receita > 10%; Lucro positivo nos 5 anos; CFO positivo em >=4 dos 5 anos; FCF positivo em >=3 dos 5 anos; Liquidez >= R$5M/dia,P/VPA < 1; ROE mediano 5a > 12%; Dívida líq./EBITDA < 3; CAGR lucro > 10%,2026-03-31,2026-05-15,http://www.rad.cvm.gov.br/ENETCONSULTA/frmDownloadDocumento.aspx?CodigoInstituicao=1&NumeroSequencialDocumento=157671,CVM DFP/ITR (dados.cvm.gov.br); B3 COTAHIST; preços não ajustados
,GIGA MAIS FIBRA TELECOMUNICAÇÕES S.A.,27502,Telecomunicações,,,,indisponivel,indisponivel,-9.64,dado_insuficiente,3.16,dado_insuficiente,dado_insuficiente,nao_aplicavel,DADOS_INSUFICIENTES,Dívida líq./EBITDA < 3; CFO positivo em >=4 dos 5 anos,P/VPA < 1; P/L positivo e baixo; ROE mediano 5a > 12%; CAGR receita > 10%; CAGR lucro > 10%; Lucro positivo nos 5 anos; Liquidez >= R$5M/dia,2026-03-31,2026-05-12,http://www.rad.cvm.gov.br/ENETCONSULTA/frmDownloadDocumento.aspx?CodigoInstituicao=1&NumeroSequencialDocumento=157194,CVM DFP/ITR (dados.cvm.gov.br); B3 COTAHIST; preços não ajustados
,"GP INVESTMENTS, LTD.",80020,,,,,indisponivel,indisponivel,indisponivel,dado_insuficiente,indisponivel,dado_insuficiente,dado_insuficiente,indisponivel,DADOS_INSUFICIENTES,Receita estável (sem queda >15%); CFO positivo em >=4 dos 5 anos; FCF positivo em >=3 dos 5 anos,P/VPA < 1; P/L positivo e baixo; ROE mediano 5a > 12%; Dívida líq./EBITDA < 3; CAGR receita > 10%; CAGR lucro > 10%; Lucro positivo nos 5 anos; Liquidez >= R$5M/dia,2025-06-30,2025-08-14,http://www.rad.cvm.gov.br/ENETCONSULTA/frmDownloadDocumento.aspx?CodigoInstituicao=1&NumeroSequencialDocumento=151319,CVM DFP/ITR (dados.cvm.gov.br); B3 COTAHIST; preços não ajustados
,GRANJA FARIA S.A.,27219,Alimentos,,,,indisponivel,indisponivel,10.49,dado_insuficiente,1.45,dado_insuficiente,dado_insuficiente,7.17,DADOS_INSUFICIENTES,,P/VPA < 1; P/L positivo e baixo; ROE mediano 5a > 12%; CAGR receita > 10%; CAGR lucro > 10%; Lucro positivo nos 5 anos; Liquidez >= R$5M/dia,2026-03-31,2026-05-15,http://www.rad.cvm.gov.br/ENETCONSULTA/frmDownloadDocumento.aspx?CodigoInstituicao=1&NumeroSequencialDocumento=157497,CVM DFP/ITR (dados.cvm.gov.br); B3 COTAHIST; preços não ajustados
"SALT3,SALT4",GRUPO SALTA EDUCAÇÃO S.A.,27820,Emp. Adm. Part. - Educação,,,,indisponivel,indisponivel,8.54,dado_insuficiente,1.43,dado_insuficiente,dado_insuficiente,3.17,DADOS_INSUFICIENTES,CFO positivo em >=4 dos 5 anos; FCF positivo em >=3 dos 5 anos,P/VPA < 1; P/L positivo e baixo; ROE mediano 5a > 12%; CAGR receita > 10%; CAGR lucro > 10%; Lucro positivo nos 5 anos; Liquidez >= R$5M/dia,2026-03-31,2026-05-07,http://www.rad.cvm.gov.br/ENETCONSULTA/frmDownloadDocumento.aspx?CodigoInstituicao=1&NumeroSequencialDocumento=156857,CVM DFP/ITR (dados.cvm.gov.br); B3 COTAHIST; preços não ajustados
,GSH CORP PARTICIPAÇÕES S.A.,26603,Serviços Médicos,,,,indisponivel,indisponivel,-46.01,3.92,4.61,40.83,serie_nao_comparavel,nao_aplicavel,DADOS_INSUFICIENTES,ROE mediano 5a > 12%; Dívida líq./EBITDA < 3; Lucro positivo nos 5 anos,P/VPA < 1; P/L positivo e baixo; CAGR lucro > 10%; Liquidez >= R$5M/dia,2026-03-31,2026-05-14,http://www.rad.cvm.gov.br/ENETCONSULTA/frmDownloadDocumento.aspx?CodigoInstituicao=1&NumeroSequencialDocumento=157474,CVM DFP/ITR (dados.cvm.gov.br); B3 COTAHIST; preços não ajustados
2,HAGA S.A. INDUSTRIA E COMERCIO,13366,Metalurgia e Siderurgia,,,,indisponivel,indisponivel,nao_aplicavel,dado_insuficiente,indisponivel,-9.06,-28.10,indisponivel,DADOS_INSUFICIENTES,CAGR receita > 10%; CAGR lucro > 10%; Receita estável (sem queda >15%); CFO positivo em >=4 dos 5 anos; FCF positivo em >=3 dos 5 anos,P/VPA < 1; P/L positivo e baixo; ROE mediano 5a > 12%; Dívida líq./EBITDA < 3; Liquidez >= R$5M/dia,2026-03-31,2026-05-13,http://www.rad.cvm.gov.br/ENETCONSULTA/frmDownloadDocumento.aspx?CodigoInstituicao=1&NumeroSequencialDocumento=157261,CVM DFP/ITR (dados.cvm.gov.br); B3 COTAHIST; preços não ajustados
,HIGHLINE BRASIL II INFRAESTRUTURA DE TELECOMUNICAÇÕES S.A.,27880,Telecomunicações,,,,indisponivel,indisponivel,-33.78,dado_insuficiente,indisponivel,dado_insuficiente,dado_insuficiente,indisponivel,DADOS_INSUFICIENTES,CFO positivo em >=4 dos 5 anos; FCF positivo em >=3 dos 5 anos,P/VPA < 1; P/L positivo e baixo; ROE mediano 5a > 12%; Dívida líq./EBITDA < 3; CAGR receita > 10%; CAGR lucro > 10%; Lucro positivo nos 5 anos; Liquidez >= R$5M/dia,2026-03-31,2026-05-21,http://www.rad.cvm.gov.br/ENETCONSULTA/frmDownloadDocumento.aspx?CodigoInstituicao=1&NumeroSequencialDocumento=157827,CVM DFP/ITR (dados.cvm.gov.br); B3 COTAHIST; preços não ajustados
HMOB3,HMOBI PARTICIPAÇÕES S.A.,25674,Emp. Adm. Part. - Sem Setor Principal,,,,indisponivel,indisponivel,-0.58,9.72,2.47,72.63,serie_nao_comparavel,nao_aplicavel,DADOS_INSUFICIENTES,ROE mediano 5a > 12%; Lucro positivo nos 5 anos,P/VPA < 1; P/L positivo e baixo; CAGR lucro > 10%; Liquidez >= R$5M/dia,2026-03-31,2026-05-12,http://www.rad.cvm.gov.br/ENETCONSULTA/frmDownloadDocumento.aspx?CodigoInstituicao=1&NumeroSequencialDocumento=157191,CVM DFP/ITR (dados.cvm.gov.br); B3 COTAHIST; preços não ajustados
,HOLDING DO ARAGUAIA S.A.,26565,Serviços Transporte e Logística,,,,indisponivel,indisponivel,-7.94,-0.91,8.45,154.41,serie_nao_comparavel,nao_aplicavel,DADOS_INSUFICIENTES,ROE mediano 5a > 12%; Dívida líq./EBITDA < 3; Lucro positivo nos 5 anos; FCF positivo em >=3 dos 5 anos,P/VPA < 1; P/L positivo e baixo; CAGR lucro > 10%; Liquidez >= R$5M/dia,2026-03-31,2026-05-12,http://www.rad.cvm.gov.br/ENETCONSULTA/frmDownloadDocumento.aspx?CodigoInstituicao=1&NumeroSequencialDocumento=157123,CVM DFP/ITR (dados.cvm.gov.br); B3 COTAHIST; preços não ajustados
,HOSPITAL ANCHIETA S.A.,26468,Serviços Médicos,,,,indisponivel,indisponivel,-90.90,dado_insuficiente,0.46,dado_insuficiente,dado_insuficiente,nao_aplicavel,DADOS_INSUFICIENTES,CFO positivo em >=4 dos 5 anos; FCF positivo em >=3 dos 5 anos,P/VPA < 1; P/L positivo e baixo; ROE mediano 5a > 12%; CAGR receita > 10%; CAGR lucro > 10%; Lucro positivo nos 5 anos; Liquidez >= R$5M/dia,2026-03-31,2026-05-25,http://www.rad.cvm.gov.br/ENETCONSULTA/frmDownloadDocumento.aspx?CodigoInstituicao=1&NumeroSequencialDocumento=157940,CVM DFP/ITR (dados.cvm.gov.br); B3 COTAHIST; preços não ajustados
,HOSPITAL CARE CALEDONIA S.A.,25771,Serviços Médicos,,,,indisponivel,indisponivel,-96.80,-44.14,6.50,5.77,serie_nao_comparavel,nao_aplicavel,DADOS_INSUFICIENTES,ROE mediano 5a > 12%; Dívida líq./EBITDA < 3; CAGR receita > 10%; Lucro positivo nos 5 anos; CFO positivo em >=4 dos 5 anos; FCF positivo em >=3 dos 5 anos,P/VPA < 1; P/L positivo e baixo; CAGR lucro > 10%; Liquidez >= R$5M/dia,2025-12-31,2026-06-19,http://www.rad.cvm.gov.br/ENETCONSULTA/frmDownloadDocumento.aspx?CodigoInstituicao=1&NumeroSequencialDocumento=159152,CVM DFP/ITR (dados.cvm.gov.br); B3 COTAHIST; preços não ajustados
HOOT4,HOTEIS OTHON S.A. - EM RECUPERAÇÃO JUDICIAL,6700,Hospedagem e Turismo,2026-07-27,,28084.238095238095,indisponivel,indisponivel,nao_aplicavel,dado_insuficiente,-0.58,43.04,turnaround,2.17,DADOS_INSUFICIENTES,Lucro positivo nos 5 anos; CFO positivo em >=4 dos 5 anos; Liquidez >= R$5M/dia,P/VPA < 1; P/L positivo e baixo; ROE mediano 5a > 12%; CAGR lucro > 10%,2026-03-31,2026-05-15,http://www.rad.cvm.gov.br/ENETCONSULTA/frmDownloadDocumento.aspx?CodigoInstituicao=1&NumeroSequencialDocumento=157525,CVM DFP/ITR (dados.cvm.gov.br); B3 COTAHIST; preços não ajustados
,HÉLIO VALGAS SOLAR PARTICIPAÇÕES S.A.,27332,Energia Elétrica,,,,indisponivel,indisponivel,-27.99,dado_insuficiente,8.79,dado_insuficiente,dado_insuficiente,nao_aplicavel,DADOS_INSUFICIENTES,Dívida líq./EBITDA < 3; CFO positivo em >=4 dos 5 anos; FCF positivo em >=3 dos 5 anos,P/VPA < 1; P/L positivo e baixo; ROE mediano 5a > 12%; CAGR receita > 10%; CAGR lucro > 10%; Lucro positivo nos 5 anos; Liquidez >= R$5M/dia,2026-03-31,2026-05-06,http://www.rad.cvm.gov.br/ENETCONSULTA/frmDownloadDocumento.aspx?CodigoInstituicao=1&NumeroSequencialDocumento=156757,CVM DFP/ITR (dados.cvm.gov.br); B3 COTAHIST; preços não ajustados
023175,IGUA SANEAMENTO S.A.,23175,"Saneamento, Serv. Água e Gás",,,,indisponivel,indisponivel,-18.64,-15.21,10.37,34.45,serie_nao_comparavel,nao_aplicavel,DADOS_INSUFICIENTES,ROE mediano 5a > 12%; Dívida líq./EBITDA < 3; Lucro positivo nos 5 anos; CFO positivo em >=4 dos 5 anos; FCF positivo em >=3 dos 5 anos,P/VPA < 1; P/L positivo e baixo; CAGR lucro > 10%; Liquidez >= R$5M/dia,2026-03-31,2026-05-13,http://www.rad.cvm.gov.br/ENETCONSULTA/frmDownloadDocumento.aspx?CodigoInstituicao=1&NumeroSequencialDocumento=157340,CVM DFP/ITR (dados.cvm.gov.br); B3 COTAHIST; preços não ajustados
,INBRANDS S.A.,22560,Têxtil e Vestuário,,,,indisponivel,indisponivel,-135.06,-13.15,10.99,0.35,serie_nao_comparavel,nao_aplicavel,DADOS_INSUFICIENTES,ROE mediano 5a > 12%; Dívida líq./EBITDA < 3; CAGR receita > 10%; Lucro positivo nos 5 anos,P/VPA < 1; P/L positivo e baixo; CAGR lucro > 10%; Liquidez >= R$5M/dia,2026-03-31,2026-05-15,http://www.rad.cvm.gov.br/ENETCONSULTA/frmDownloadDocumento.aspx?CodigoInstituicao=1&NumeroSequencialDocumento=157603,CVM DFP/ITR (dados.cvm.gov.br); B3 COTAHIST; preços não ajustados
,INEPAR EQUIPAMENTOS E MONTAGENS S/A - EM RECUPERACAO JUDICIA,17868,"Máquinas, Equipamentos, Veículos e Peças",,,,indisponivel,indisponivel,-2.66,-1.68,nao_aplicavel,turnaround,serie_nao_comparavel,nao_aplicavel,DADOS_INSUFICIENTES,ROE mediano 5a > 12%; Lucro positivo nos 5 anos; CFO positivo em >=4 dos 5 anos; FCF positivo em >=3 dos 5 anos,P/VPA < 1; P/L positivo e baixo; Dívida líq./EBITDA < 3; CAGR receita > 10%; CAGR lucro > 10%; Liquidez >= R$5M/dia,2026-03-31,2026-05-15,http://www.rad.cvm.gov.br/ENETCONSULTA/frmDownloadDocumento.aspx?CodigoInstituicao=1&NumeroSequencialDocumento=157569,CVM DFP/ITR (dados.cvm.gov.br); B3 COTAHIST; preços não ajustados
INEP3,INEPAR S.A. INDUSTRIA E CONSTRUCOES EM RECUPERACAO JUDICIAL,7595,"Máquinas, Equipamentos, Veículos e Peças",2026-07-27,,152138.39682539683,indisponivel,indisponivel,nao_aplicavel,dado_insuficiente,nao_aplicavel,-28.14,serie_nao_comparavel,nao_aplicavel,DADOS_INSUFICIENTES,CAGR receita > 10%; Receita estável (sem queda >15%); Lucro positivo nos 5 anos; CFO positivo em >=4 dos 5 anos; Liquidez >= R$5M/dia,P/VPA < 1; P/L positivo e baixo; ROE mediano 5a > 12%; Dívida líq./EBITDA < 3; CAGR lucro > 10%,2026-03-31,2026-05-27,http://www.rad.cvm.gov.br/ENETCONSULTA/frmDownloadDocumento.aspx?CodigoInstituicao=1&NumeroSequencialDocumento=158029,CVM DFP/ITR (dados.cvm.gov.br); B3 COTAHIST; preços não ajustados
,INSPIRALI EDUCAÇÃO S.A.,27251,Educação,,,,indisponivel,indisponivel,14.12,dado_insuficiente,indisponivel,dado_insuficiente,dado_insuficiente,indisponivel,DADOS_INSUFICIENTES,CFO positivo em >=4 dos 5 anos; FCF positivo em >=3 dos 5 anos,P/VPA < 1; P/L positivo e baixo; ROE mediano 5a > 12%; Dívida líq./EBITDA < 3; CAGR receita > 10%; CAGR lucro > 10%; Lucro positivo nos 5 anos; Liquidez >= R$5M/dia,2026-03-31,2026-05-06,http://www.rad.cvm.gov.br/ENETCONSULTA/frmDownloadDocumento.aspx?CodigoInstituicao=1&NumeroSequencialDocumento=156722,CVM DFP/ITR (dados.cvm.gov.br); B3 COTAHIST; preços não ajustados
,"INTER & CO, INC.",57886,,,,,indisponivel,indisponivel,indisponivel,dado_insuficiente,indisponivel,dado_insuficiente,dado_insuficiente,indisponivel,DADOS_INSUFICIENTES,CFO positivo em >=4 dos 5 anos; FCF positivo em >=3 dos 5 anos,P/VPA < 1; P/L positivo e baixo; ROE mediano 5a > 12%; Dívida líq./EBITDA < 3; CAGR receita > 10%; CAGR lucro > 10%; Receita estável (sem queda >15%); Lucro positivo nos 5 anos; Liquidez >= R$5M/dia,2021-12-31,2022-04-20,http://www.rad.cvm.gov.br/ENETCONSULTA/frmDownloadDocumento.aspx?CodigoInstituicao=1&NumeroSequencialDocumento=113864,CVM DFP/ITR (dados.cvm.gov.br); B3 COTAHIST; preços não ajustados
,"INTER & CO, INC.",80217,,,,,indisponivel,indisponivel,13.95,7.63,indisponivel,117.99,turnaround,5.51,DADOS_INSUFICIENTES,ROE mediano 5a > 12%; Lucro positivo nos 5 anos; FCF positivo em >=3 dos 5 anos,P/VPA < 1; P/L positivo e baixo; Dívida líq./EBITDA < 3; CAGR lucro > 10%; Liquidez >= R$5M/dia,2026-03-31,2026-05-07,http://www.rad.cvm.gov.br/ENETCONSULTA/frmDownloadDocumento.aspx?CodigoInstituicao=1&NumeroSequencialDocumento=156791,CVM DFP/ITR (dados.cvm.gov.br); B3 COTAHIST; preços não ajustados
,INVESTIMENTOS E PARTICIP. EM INFRA S.A. - INVEPAR,18775,Emp. Adm. Part. - Serviços Transporte e Logística,,,,indisponivel,indisponivel,nao_aplicavel,dado_insuficiente,-0.63,23.62,turnaround,9.41,DADOS_INSUFICIENTES,Lucro positivo nos 5 anos,P/VPA < 1; P/L positivo e baixo; ROE mediano 5a > 12%; CAGR lucro > 10%; Liquidez >= R$5M/dia,2026-03-31,2026-05-12,http://www.rad.cvm.gov.br/ENETCONSULTA/frmDownloadDocumento.aspx?CodigoInstituicao=1&NumeroSequencialDocumento=157207,CVM DFP/ITR (dados.cvm.gov.br); B3 COTAHIST; preços não ajustados
IRBR3,IRB - BRASIL RESSEGUROS S.A.,24180,Seguradoras e Corretoras,2026-07-27,4407635844.0,22332702.73015873,12.58,0.83,6.61,2.34,nao_aplicavel,-10.13,turnaround,0.86,DADOS_INSUFICIENTES,P/L positivo e baixo; ROE mediano 5a > 12%; CAGR receita > 10%; Receita estável (sem queda >15%); Lucro positivo nos 5 anos,Dívida líq./EBITDA < 3; CAGR lucro > 10%; CFO positivo em >=4 dos 5 anos; FCF positivo em >=3 dos 5 anos,2026-03-31,2026-05-04,http://www.rad.cvm.gov.br/ENETCONSULTA/frmDownloadDocumento.aspx?CodigoInstituicao=1&NumeroSequencialDocumento=156596,CVM DFP/ITR (dados.cvm.gov.br); B3 COTAHIST; preços não ajustados
,JBS N.V.,80233,,,,,indisponivel,indisponivel,25.87,dado_insuficiente,2.41,dado_insuficiente,dado_insuficiente,0.99,DADOS_INSUFICIENTES,CFO positivo em >=4 dos 5 anos; FCF positivo em >=3 dos 5 anos,P/VPA < 1; P/L positivo e baixo; ROE mediano 5a > 12%; CAGR receita > 10%; CAGR lucro > 10%; Receita estável (sem queda >15%); Lucro positivo nos 5 anos; Liquidez >= R$5M/dia,2026-03-31,2026-05-12,http://www.rad.cvm.gov.br/ENETCONSULTA/frmDownloadDocumento.aspx?CodigoInstituicao=1&NumeroSequencialDocumento=157185,CVM DFP/ITR (dados.cvm.gov.br); B3 COTAHIST; preços não ajustados
JFEN3,JOAO FORTES ENGENHARIA S.A. - EM RECUPERAÇÃO JUDICIAL,7811,"Construção Civil, Mat. Constr. e Decoração",2026-07-27,,13756.222222222223,indisponivel,indisponivel,nao_aplicavel,dado_insuficiente,nao_aplicavel,153.38,serie_nao_comparavel,nao_aplicavel,DADOS_INSUFICIENTES,Lucro positivo nos 5 anos; CFO positivo em >=4 dos 5 anos; FCF positivo em >=3 dos 5 anos; Liquidez >= R$5M/dia,P/VPA < 1; P/L positivo e baixo; ROE mediano 5a > 12%; Dívida líq./EBITDA < 3; CAGR lucro > 10%,2026-03-31,2026-05-14,http://www.rad.cvm.gov.br/ENETCONSULTA/frmDownloadDocumento.aspx?CodigoInstituicao=1&NumeroSequencialDocumento=157408,CVM DFP/ITR (dados.cvm.gov.br); B3 COTAHIST; preços não ajustados
KLAS3,KALLAS INCORPORAÇÕES E CONSTRUÇÕES S.A.,25798,"Construção Civil, Mat. Constr. e Decoração",,,,indisponivel,indisponivel,-13.04,5.94,nao_aplicavel,17.22,serie_nao_comparavel,nao_aplicavel,DADOS_INSUFICIENTES,ROE mediano 5a > 12%; Receita estável (sem queda >15%); Lucro positivo nos 5 anos; CFO positivo em >=4 dos 5 anos; FCF positivo em >=3 dos 5 anos,P/VPA < 1; P/L positivo e baixo; Dívida líq./EBITDA < 3; CAGR lucro > 10%; Liquidez >= R$5M/dia,2026-03-31,2026-05-07,http://www.rad.cvm.gov.br/ENETCONSULTA/frmDownloadDocumento.aspx?CodigoInstituicao=1&NumeroSequencialDocumento=156854,CVM DFP/ITR (dados.cvm.gov.br); B3 COTAHIST; preços não ajustados
,KORA SAÚDE PARTICIPAÇÕES S.A.,25879,Serviços Médicos,,,,indisponivel,indisponivel,-130.56,-17.74,8.91,17.24,serie_nao_comparavel,nao_aplicavel,DADOS_INSUFICIENTES,ROE mediano 5a > 12%; Dívida líq./EBITDA < 3; Lucro positivo nos 5 anos; CFO positivo em >=4 dos 5 anos; FCF positivo em >=3 dos 5 anos,P/VPA < 1; P/L positivo e baixo; CAGR lucro > 10%; Liquidez >= R$5M/dia,2026-03-31,2026-05-15,http://www.rad.cvm.gov.br/ENETCONSULTA/frmDownloadDocumento.aspx?CodigoInstituicao=1&NumeroSequencialDocumento=157658,CVM DFP/ITR (dados.cvm.gov.br); B3 COTAHIST; preços não ajustados
,LETS RENT A CAR S/A,27383,Serviços Transporte e Logística,,,,indisponivel,indisponivel,4.04,dado_insuficiente,2.32,dado_insuficiente,dado_insuficiente,1.36,DADOS_INSUFICIENTES,CFO positivo em >=4 dos 5 anos; FCF positivo em >=3 dos 5 anos,P/VPA < 1; P/L positivo e baixo; ROE mediano 5a > 12%; CAGR receita > 10%; CAGR lucro > 10%; Lucro positivo nos 5 anos; Liquidez >= R$5M/dia,2024-12-31,2025-03-20,http://www.rad.cvm.gov.br/ENETCONSULTA/frmDownloadDocumento.aspx?CodigoInstituicao=1&NumeroSequencialDocumento=145574,CVM DFP/ITR (dados.cvm.gov.br); B3 COTAHIST; preços não ajustados
,LIGGA TELECOMUNICAÇÕES S.A.,27367,Telecomunicações,,,,indisponivel,indisponivel,-5.87,dado_insuficiente,4.03,dado_insuficiente,dado_insuficiente,nao_aplicavel,DADOS_INSUFICIENTES,Dívida líq./EBITDA < 3; CFO positivo em >=4 dos 5 anos; FCF positivo em >=3 dos 5 anos,P/VPA < 1; P/L positivo e baixo; ROE mediano 5a > 12%; CAGR receita > 10%; CAGR lucro > 10%; Lucro positivo nos 5 anos; Liquidez >= R$5M/dia,2023-12-31,2024-03-28,http://www.rad.cvm.gov.br/ENETCONSULTA/frmDownloadDocumento.aspx?CodigoInstituicao=1&NumeroSequencialDocumento=135304,CVM DFP/ITR (dados.cvm.gov.br); B3 COTAHIST; preços não ajustados
,LIVETECH DA BAHIA INDÚSTRIA E COMÉRCIO S.A.,25895,Comércio (Atacado e Varejo),,,,indisponivel,indisponivel,-41.20,0.89,-5.75,-4.92,serie_nao_comparavel,nao_aplicavel,DADOS_INSUFICIENTES,ROE mediano 5a > 12%; CAGR receita > 10%; Receita estável (sem queda >15%); Lucro positivo nos 5 anos; CFO positivo em >=4 dos 5 anos; FCF positivo em >=3 dos 5 anos,P/VPA < 1; P/L positivo e baixo; CAGR lucro > 10%; Liquidez >= R$5M/dia,2026-03-31,2026-05-12,http://www.rad.cvm.gov.br/ENETCONSULTA/frmDownloadDocumento.aspx?CodigoInstituicao=1&NumeroSequencialDocumento=157237,CVM DFP/ITR (dados.cvm.gov.br); B3 COTAHIST; preços não ajustados
,MADERO INDÚSTRIA E COMÉRCIO S.A.,26379,Alimentos,,,,indisponivel,indisponivel,30.92,3.17,1.37,15.53,turnaround,5.08,DADOS_INSUFICIENTES,ROE mediano 5a > 12%; Lucro positivo nos 5 anos,P/VPA < 1; P/L positivo e baixo; CAGR lucro > 10%; Liquidez >= R$5M/dia,2026-03-31,2026-04-29,http://www.rad.cvm.gov.br/ENETCONSULTA/frmDownloadDocumento.aspx?CodigoInstituicao=1&NumeroSequencialDocumento=156476,CVM DFP/ITR (dados.cvm.gov.br); B3 COTAHIST; preços não ajustados
ESTR4,MANUFATURA DE BRINQUEDOS ESTRELA S.A.,8427,Brinquedos e Lazer,2026-07-27,,5659.174603174603,indisponivel,indisponivel,nao_aplicavel,dado_insuficiente,0.50,-4.20,turnaround,-1.47,DADOS_INSUFICIENTES,CAGR receita > 10%; Lucro positivo nos 5 anos; CFO positivo em >=4 dos 5 anos; FCF positivo em >=3 dos 5 anos; Liquidez >= R$5M/dia,P/VPA < 1; P/L positivo e baixo; ROE mediano 5a > 12%; CAGR lucro > 10%,2025-12-31,2026-06-24,http://www.rad.cvm.gov.br/ENETCONSULTA/frmDownloadDocumento.aspx?CodigoInstituicao=1&NumeroSequencialDocumento=159207,CVM DFP/ITR (dados.cvm.gov.br); B3 COTAHIST; preços não ajustados
022055,MARISA LOJAS S.A.,22055,Comércio (Atacado e Varejo),,,,indisponivel,indisponivel,-89.62,-134.84,2.74,-12.46,serie_nao_comparavel,nao_aplicavel,DADOS_INSUFICIENTES,ROE mediano 5a > 12%; CAGR receita > 10%; Receita estável (sem queda >15%); Lucro positivo nos 5 anos; CFO positivo em >=4 dos 5 anos; FCF positivo em >=3 dos 5 anos,P/VPA < 1; P/L positivo e baixo; CAGR lucro > 10%; Liquidez >= R$5M/dia,2026-03-31,2026-05-15,http://www.rad.cvm.gov.br/ENETCONSULTA/frmDownloadDocumento.aspx?CodigoInstituicao=1&NumeroSequencialDocumento=157666,CVM DFP/ITR (dados.cvm.gov.br); B3 COTAHIST; preços não ajustados
"MMAQ3,MMAQ4",MINASMAQUINAS S.A.,8818,"Máquinas, Equipamentos, Veículos e Peças",2025-01-10,,510002.0,indisponivel,indisponivel,indisponivel,dado_insuficiente,indisponivel,dado_insuficiente,dado_insuficiente,indisponivel,DADOS_INSUFICIENTES,CFO positivo em >=4 dos 5 anos; FCF positivo em >=3 dos 5 anos; Liquidez >= R$5M/dia,P/VPA < 1; P/L positivo e baixo; ROE mediano 5a > 12%; Dívida líq./EBITDA < 3; CAGR receita > 10%; CAGR lucro > 10%; Receita estável (sem queda >15%); Lucro positivo nos 5 anos,2026-03-31,2026-05-15,http://www.rad.cvm.gov.br/ENETCONSULTA/frmDownloadDocumento.aspx?CodigoInstituicao=1&NumeroSequencialDocumento=157535,CVM DFP/ITR (dados.cvm.gov.br); B3 COTAHIST; preços não ajustados
,MLOG S.A.,22586,Emp. Adm. Part. - Sem Setor Principal,,,,indisponivel,indisponivel,indisponivel,dado_insuficiente,3.22,22.77,dado_insuficiente,indisponivel,DADOS_INSUFICIENTES,Dívida líq./EBITDA < 3; Lucro positivo nos 5 anos,P/VPA < 1; P/L positivo e baixo; ROE mediano 5a > 12%; CAGR lucro > 10%; Liquidez >= R$5M/dia,2026-03-31,2026-05-15,http://www.rad.cvm.gov.br/ENETCONSULTA/frmDownloadDocumento.aspx?CodigoInstituicao=1&NumeroSequencialDocumento=157655,CVM DFP/ITR (dados.cvm.gov.br); B3 COTAHIST; preços não ajustados
,MONTE RODOVIAS S.A.,26328,Emp. Adm. Part. - Serviços Transporte e Logística,,,,indisponivel,indisponivel,-3.92,-6.84,2.68,30.25,serie_nao_comparavel,nao_aplicavel,DADOS_INSUFICIENTES,ROE mediano 5a > 12%; Lucro positivo nos 5 anos,P/VPA < 1; P/L positivo e baixo; CAGR lucro > 10%; Liquidez >= R$5M/dia,2026-03-31,2026-05-15,http://www.rad.cvm.gov.br/ENETCONSULTA/frmDownloadDocumento.aspx?CodigoInstituicao=1&NumeroSequencialDocumento=157511,CVM DFP/ITR (dados.cvm.gov.br); B3 COTAHIST; preços não ajustados
,MRS LOGISTICA S.A.,17949,Serviços Transporte e Logística,,,,indisponivel,indisponivel,15.54,dado_insuficiente,1.48,dado_insuficiente,dado_insuficiente,2.70,DADOS_INSUFICIENTES,CFO positivo em >=4 dos 5 anos; FCF positivo em >=3 dos 5 anos,P/VPA < 1; P/L positivo e baixo; ROE mediano 5a > 12%; CAGR receita > 10%; CAGR lucro > 10%; Lucro positivo nos 5 anos; Liquidez >= R$5M/dia,2026-03-31,2026-05-13,http://www.rad.cvm.gov.br/ENETCONSULTA/frmDownloadDocumento.aspx?CodigoInstituicao=1&NumeroSequencialDocumento=157270,CVM DFP/ITR (dados.cvm.gov.br); B3 COTAHIST; preços não ajustados
NEXP3,NEXPE PARTICIPAÇÕES S.A,21180,"Emp. Adm. Part. - Const. Civil, Mat. Const. e Decoração",2026-07-27,6320254.22,8311.63492063492,prejuizo,nao_aplicavel,nao_aplicavel,dado_insuficiente,nao_aplicavel,-73.96,turnaround,nao_aplicavel,DADOS_INSUFICIENTES,P/L positivo e baixo; CAGR receita > 10%; Receita estável (sem queda >15%); Lucro positivo nos 5 anos; CFO positivo em >=4 dos 5 anos; FCF positivo em >=3 dos 5 anos; Liquidez >= R$5M/dia,P/VPA < 1; ROE mediano 5a > 12%; Dívida líq./EBITDA < 3; CAGR lucro > 10%,2026-03-31,2026-05-14,http://www.rad.cvm.gov.br/ENETCONSULTA/frmDownloadDocumento.aspx?CodigoInstituicao=1&NumeroSequencialDocumento=157434,CVM DFP/ITR (dados.cvm.gov.br); B3 COTAHIST; preços não ajustados
,NU HOLDINGS LTD.,80209,,,,,indisponivel,indisponivel,indisponivel,dado_insuficiente,indisponivel,dado_insuficiente,dado_insuficiente,indisponivel,DADOS_INSUFICIENTES,CFO positivo em >=4 dos 5 anos; FCF positivo em >=3 dos 5 anos,P/VPA < 1; P/L positivo e baixo; ROE mediano 5a > 12%; Dívida líq./EBITDA < 3; CAGR receita > 10%; CAGR lucro > 10%; Lucro positivo nos 5 anos; Liquidez >= R$5M/dia,2022-12-31,2023-02-14,http://www.rad.cvm.gov.br/ENETCONSULTA/frmDownloadDocumento.aspx?CodigoInstituicao=1&NumeroSequencialDocumento=123520,CVM DFP/ITR (dados.cvm.gov.br); B3 COTAHIST; preços não ajustados
,OCEÂNICA ENGENHARIA E CONSULTORIA S.A.,26956,Emp. Adm. Part. - Petróleo e Gás,,,,indisponivel,indisponivel,nao_aplicavel,dado_insuficiente,10.36,52.64,serie_nao_comparavel,nao_aplicavel,DADOS_INSUFICIENTES,Dívida líq./EBITDA < 3; Lucro positivo nos 5 anos; CFO positivo em >=4 dos 5 anos; FCF positivo em >=3 dos 5 anos,P/VPA < 1; P/L positivo e baixo; ROE mediano 5a > 12%; CAGR lucro > 10%; Liquidez >= R$5M/dia,2026-03-31,2026-05-13,http://www.rad.cvm.gov.br/ENETCONSULTA/frmDownloadDocumento.aspx?CodigoInstituicao=1&NumeroSequencialDocumento=157343,CVM DFP/ITR (dados.cvm.gov.br); B3 COTAHIST; preços não ajustados
"OIBR3,OIBR4",OI S.A. - EM RECUPERAÇÃO JUDICIAL,11312,Telecomunicações,2026-07-27,42497120.0,90795.79365079365,indisponivel,nao_aplicavel,indisponivel,dado_insuficiente,indisponivel,dado_insuficiente,dado_insuficiente,indisponivel,DADOS_INSUFICIENTES,Receita estável (sem queda >15%); CFO positivo em >=4 dos 5 anos; FCF positivo em >=3 dos 5 anos; Liquidez >= R$5M/dia,P/VPA < 1; P/L positivo e baixo; ROE mediano 5a > 12%; Dívida líq./EBITDA < 3; CAGR receita > 10%; CAGR lucro > 10%; Lucro positivo nos 5 anos,2025-06-30,2025-09-04,http://www.rad.cvm.gov.br/ENETCONSULTA/frmDownloadDocumento.aspx?CodigoInstituicao=1&NumeroSequencialDocumento=151773,CVM DFP/ITR (dados.cvm.gov.br); B3 COTAHIST; preços não ajustados
OBTC,ORANJEBTC S.A. - EDUCAÇÃO E INVESTIMENTO,27910,Educação,,,,indisponivel,indisponivel,indisponivel,dado_insuficiente,indisponivel,dado_insuficiente,dado_insuficiente,indisponivel,DADOS_INSUFICIENTES,CFO positivo em >=4 dos 5 anos; FCF positivo em >=3 dos 5 anos,P/VPA < 1; P/L positivo e baixo; ROE mediano 5a > 12%; Dívida líq./EBITDA < 3; CAGR receita > 10%; CAGR lucro > 10%; Receita estável (sem queda >15%); Lucro positivo nos 5 anos; Liquidez >= R$5M/dia,2026-03-31,2026-05-15,http://www.rad.cvm.gov.br/ENETCONSULTA/frmDownloadDocumento.aspx?CodigoInstituicao=1&NumeroSequencialDocumento=157669,CVM DFP/ITR (dados.cvm.gov.br); B3 COTAHIST; preços não ajustados
,ORIGEM ENERGIA S.A.,27227,Petróleo e Gás,,,,indisponivel,indisponivel,29.94,dado_insuficiente,4.32,dado_insuficiente,dado_insuficiente,1.95,DADOS_INSUFICIENTES,Dívida líq./EBITDA < 3; FCF positivo em >=3 dos 5 anos,P/VPA < 1; P/L positivo e baixo; ROE mediano 5a > 12%; CAGR receita > 10%; CAGR lucro > 10%; Lucro positivo nos 5 anos; Liquidez >= R$5M/dia,2026-03-31,2026-05-13,http://www.rad.cvm.gov.br/ENETCONSULTA/frmDownloadDocumento.aspx?CodigoInstituicao=1&NumeroSequencialDocumento=157294,CVM DFP/ITR (dados.cvm.gov.br); B3 COTAHIST; preços não ajustados
,ORIZON MEIO AMBIENTE S.A.,27049,"Saneamento, Serv. Água e Gás",,,,indisponivel,indisponivel,5.19,dado_insuficiente,3.14,dado_insuficiente,dado_insuficiente,2.95,DADOS_INSUFICIENTES,Dívida líq./EBITDA < 3; CFO positivo em >=4 dos 5 anos; FCF positivo em >=3 dos 5 anos,P/VPA < 1; P/L positivo e baixo; ROE mediano 5a > 12%; CAGR receita > 10%; CAGR lucro > 10%; Lucro positivo nos 5 anos; Liquidez >= R$5M/dia,2026-03-31,2026-05-14,http://www.rad.cvm.gov.br/ENETCONSULTA/frmDownloadDocumento.aspx?CodigoInstituicao=1&NumeroSequencialDocumento=157486,CVM DFP/ITR (dados.cvm.gov.br); B3 COTAHIST; preços não ajustados
OSXB3,OSX BRASIL S.A. - EM RECUPERAÇÃO JUDICIAL,21342,Emp. Adm. Part. - Sem Setor Principal,2026-07-27,3651724.0799999996,1519.3333333333333,prejuizo,nao_aplicavel,nao_aplicavel,dado_insuficiente,nao_aplicavel,33.01,serie_nao_comparavel,nao_aplicavel,DADOS_INSUFICIENTES,P/L positivo e baixo; Lucro positivo nos 5 anos; Liquidez >= R$5M/dia,P/VPA < 1; ROE mediano 5a > 12%; Dívida líq./EBITDA < 3; CAGR lucro > 10%,2026-03-31,2026-05-13,http://www.rad.cvm.gov.br/ENETCONSULTA/frmDownloadDocumento.aspx?CodigoInstituicao=1&NumeroSequencialDocumento=157291,CVM DFP/ITR (dados.cvm.gov.br); B3 COTAHIST; preços não ajustados
PMAM3,PARANAPANEMA S.A. - EM RECUPERAÇÃO JUDICIAL,9393,Metalurgia e Siderurgia,2026-07-27,36162046.5,1432074.650793651,prejuizo,nao_aplicavel,nao_aplicavel,dado_insuficiente,nao_aplicavel,-41.23,serie_nao_comparavel,nao_aplicavel,DADOS_INSUFICIENTES,P/L positivo e baixo; CAGR receita > 10%; Receita estável (sem queda >15%); Lucro positivo nos 5 anos; Liquidez >= R$5M/dia,P/VPA < 1; ROE mediano 5a > 12%; Dívida líq./EBITDA < 3; CAGR lucro > 10%,2025-12-31,2026-03-30,http://www.rad.cvm.gov.br/ENETCONSULTA/frmDownloadDocumento.aspx?CodigoInstituicao=1&NumeroSequencialDocumento=155834,CVM DFP/ITR (dados.cvm.gov.br); B3 COTAHIST; preços não ajustados
PDGR3,PDG REALTY S.A. EMPREEND E PARTICIPACOES,20478,"Emp. Adm. Part. - Const. Civil, Mat. Const. e Decoração",2026-07-27,,33688.12698412698,indisponivel,indisponivel,nao_aplicavel,dado_insuficiente,nao_aplicavel,-26.66,serie_nao_comparavel,nao_aplicavel,DADOS_INSUFICIENTES,CAGR receita > 10%; Receita estável (sem queda >15%); Lucro positivo nos 5 anos; CFO positivo em >=4 dos 5 anos; FCF positivo em >=3 dos 5 anos; Liquidez >= R$5M/dia,P/VPA < 1; P/L positivo e baixo; ROE mediano 5a > 12%; Dívida líq./EBITDA < 3; CAGR lucro > 10%,2026-03-31,2026-05-15,http://www.rad.cvm.gov.br/ENETCONSULTA/frmDownloadDocumento.aspx?CodigoInstituicao=1&NumeroSequencialDocumento=157598,CVM DFP/ITR (dados.cvm.gov.br); B3 COTAHIST; preços não ajustados
B3,PLASCAR PARTICIPACOES INDUSTRIAIS S.A.,13471,"Emp. Adm. Part. - Máqs., Equip., Veíc. e Peças",,,,indisponivel,indisponivel,nao_aplicavel,dado_insuficiente,4.57,17.10,serie_nao_comparavel,nao_aplicavel,DADOS_INSUFICIENTES,Dívida líq./EBITDA < 3; Lucro positivo nos 5 anos,P/VPA < 1; P/L positivo e baixo; ROE mediano 5a > 12%; CAGR lucro > 10%; Liquidez >= R$5M/dia,2026-03-31,2026-05-11,http://www.rad.cvm.gov.br/ENETCONSULTA/frmDownloadDocumento.aspx?CodigoInstituicao=1&NumeroSequencialDocumento=157044,CVM DFP/ITR (dados.cvm.gov.br); B3 COTAHIST; preços não ajustados
,PLATÃO CAPITAL S.A.,27995,Emp. Adm. Part. - Energia Elétrica,,,,indisponivel,indisponivel,nao_aplicavel,dado_insuficiente,38.23,dado_insuficiente,dado_insuficiente,nao_aplicavel,DADOS_INSUFICIENTES,Dívida líq./EBITDA < 3; CFO positivo em >=4 dos 5 anos; FCF positivo em >=3 dos 5 anos,P/VPA < 1; P/L positivo e baixo; ROE mediano 5a > 12%; CAGR receita > 10%; CAGR lucro > 10%; Lucro positivo nos 5 anos; Liquidez >= R$5M/dia,2025-12-31,2026-05-19,http://www.rad.cvm.gov.br/ENETCONSULTA/frmDownloadDocumento.aspx?CodigoInstituicao=1&NumeroSequencialDocumento=157737,CVM DFP/ITR (dados.cvm.gov.br); B3 COTAHIST; preços não ajustados
,PORTO SAÚDE PARTICIPAÇÕES S.A.,27618,Emp. Adm. Part. - Serviços médicos,,,,indisponivel,indisponivel,28.53,dado_insuficiente,-4.22,dado_insuficiente,dado_insuficiente,0.25,DADOS_INSUFICIENTES,CFO positivo em >=4 dos 5 anos; FCF positivo em >=3 dos 5 anos,P/VPA < 1; P/L positivo e baixo; ROE mediano 5a > 12%; CAGR receita > 10%; CAGR lucro > 10%; Lucro positivo nos 5 anos; Liquidez >= R$5M/dia,2026-03-31,2026-05-07,http://www.rad.cvm.gov.br/ENETCONSULTA/frmDownloadDocumento.aspx?CodigoInstituicao=1&NumeroSequencialDocumento=156788,CVM DFP/ITR (dados.cvm.gov.br); B3 COTAHIST; preços não ajustados
,PORTO SERVIÇO S.A,27600,Emp. Adm. Part. - Sem Setor Principal,,,,indisponivel,indisponivel,21.93,dado_insuficiente,-0.31,dado_insuficiente,dado_insuficiente,-0.04,DADOS_INSUFICIENTES,CFO positivo em >=4 dos 5 anos; FCF positivo em >=3 dos 5 anos,P/VPA < 1; P/L positivo e baixo; ROE mediano 5a > 12%; CAGR receita > 10%; CAGR lucro > 10%; Lucro positivo nos 5 anos; Liquidez >= R$5M/dia,2026-03-31,2026-05-07,http://www.rad.cvm.gov.br/ENETCONSULTA/frmDownloadDocumento.aspx?CodigoInstituicao=1&NumeroSequencialDocumento=156789,CVM DFP/ITR (dados.cvm.gov.br); B3 COTAHIST; preços não ajustados
,PRIO FORTE S.A.,27740,Petróleo e Gás,,,,indisponivel,indisponivel,18.51,dado_insuficiente,indisponivel,dado_insuficiente,dado_insuficiente,indisponivel,DADOS_INSUFICIENTES,Receita estável (sem queda >15%); CFO positivo em >=4 dos 5 anos; FCF positivo em >=3 dos 5 anos,P/VPA < 1; P/L positivo e baixo; ROE mediano 5a > 12%; Dívida líq./EBITDA < 3; CAGR receita > 10%; CAGR lucro > 10%; Lucro positivo nos 5 anos; Liquidez >= R$5M/dia,2026-03-31,2026-05-14,http://www.rad.cvm.gov.br/ENETCONSULTA/frmDownloadDocumento.aspx?CodigoInstituicao=1&NumeroSequencialDocumento=157388,CVM DFP/ITR (dados.cvm.gov.br); B3 COTAHIST; preços não ajustados
,PRODUTORES ENERGET.DE MANSO S.A.- PROMAN,19232,Energia Elétrica,,,,indisponivel,indisponivel,nao_aplicavel,dado_insuficiente,1.19,5.10,-8.10,24.49,DADOS_INSUFICIENTES,CAGR receita > 10%; CAGR lucro > 10%; Lucro positivo nos 5 anos; FCF positivo em >=3 dos 5 anos,P/VPA < 1; P/L positivo e baixo; ROE mediano 5a > 12%; Liquidez >= R$5M/dia,2026-03-31,2026-05-11,http://www.rad.cvm.gov.br/ENETCONSULTA/frmDownloadDocumento.aspx?CodigoInstituicao=1&NumeroSequencialDocumento=157027,CVM DFP/ITR (dados.cvm.gov.br); B3 COTAHIST; preços não ajustados
,RAIZEN ENERGIA S.A.,23230,"Agricultura (Açúcar, Álcool e Cana)",,,,indisponivel,indisponivel,indisponivel,-1.14,indisponivel,28.57,serie_nao_comparavel,indisponivel,DADOS_INSUFICIENTES,ROE mediano 5a > 12%; Lucro positivo nos 5 anos,P/VPA < 1; P/L positivo e baixo; Dívida líq./EBITDA < 3; CAGR lucro > 10%; Liquidez >= R$5M/dia,2025-12-31,2026-02-12,http://www.rad.cvm.gov.br/ENETCONSULTA/frmDownloadDocumento.aspx?CodigoInstituicao=1&NumeroSequencialDocumento=154756,CVM DFP/ITR (dados.cvm.gov.br); B3 COTAHIST; preços não ajustados
,RAÍZEN S.A.,25917,Comércio (Atacado e Varejo),,,,indisponivel,indisponivel,indisponivel,6.75,indisponivel,29.99,serie_nao_comparavel,indisponivel,DADOS_INSUFICIENTES,ROE mediano 5a > 12%; Lucro positivo nos 5 anos,P/VPA < 1; P/L positivo e baixo; Dívida líq./EBITDA < 3; CAGR lucro > 10%; Liquidez >= R$5M/dia,2025-12-31,2026-02-12,http://www.rad.cvm.gov.br/ENETCONSULTA/frmDownloadDocumento.aspx?CodigoInstituicao=1&NumeroSequencialDocumento=154755,CVM DFP/ITR (dados.cvm.gov.br); B3 COTAHIST; preços não ajustados
"RCSL3,RCSL4",RECRUSUL S.A.,12572,"Máquinas, Equipamentos, Veículos e Peças",2026-07-27,71668280.0,2360075.603174603,prejuizo,nao_aplicavel,nao_aplicavel,dado_insuficiente,nao_aplicavel,-59.67,serie_nao_comparavel,nao_aplicavel,DADOS_INSUFICIENTES,P/L positivo e baixo; CAGR receita > 10%; Receita estável (sem queda >15%); Lucro positivo nos 5 anos; CFO positivo em >=4 dos 5 anos; FCF positivo em >=3 dos 5 anos; Liquidez >= R$5M/dia,P/VPA < 1; ROE mediano 5a > 12%; Dívida líq./EBITDA < 3; CAGR lucro > 10%,2026-03-31,2026-05-18,http://www.rad.cvm.gov.br/ENETCONSULTA/frmDownloadDocumento.aspx?CodigoInstituicao=1&NumeroSequencialDocumento=157710,CVM DFP/ITR (dados.cvm.gov.br); B3 COTAHIST; preços não ajustados
RPMG3,REFINARIA DE PETROLEOS MANGUINHOS S.A.,9989,Petróleo e Gás,2026-07-27,79868300.0,12192.222222222223,indisponivel,nao_aplicavel,indisponivel,dado_insuficiente,indisponivel,dado_insuficiente,dado_insuficiente,indisponivel,DADOS_INSUFICIENTES,FCF positivo em >=3 dos 5 anos; Liquidez >= R$5M/dia,P/VPA < 1; P/L positivo e baixo; ROE mediano 5a > 12%; Dívida líq./EBITDA < 3; CAGR receita > 10%; CAGR lucro > 10%; Lucro positivo nos 5 anos,2025-06-30,2025-08-14,http://www.rad.cvm.gov.br/ENETCONSULTA/frmDownloadDocumento.aspx?CodigoInstituicao=1&NumeroSequencialDocumento=151246,CVM DFP/ITR (dados.cvm.gov.br); B3 COTAHIST; preços não ajustados
RVEE3,REVEE S.A.,27650,Emp. Adm. Part. - Brinquedos e Lazer,2026-07-27,,1536.5396825396826,indisponivel,indisponivel,indisponivel,dado_insuficiente,indisponivel,dado_insuficiente,dado_insuficiente,indisponivel,DADOS_INSUFICIENTES,CFO positivo em >=4 dos 5 anos; FCF positivo em >=3 dos 5 anos; Liquidez >= R$5M/dia,P/VPA < 1; P/L positivo e baixo; ROE mediano 5a > 12%; Dívida líq./EBITDA < 3; CAGR receita > 10%; CAGR lucro > 10%; Receita estável (sem queda >15%); Lucro positivo nos 5 anos,2026-03-31,2026-05-15,http://www.rad.cvm.gov.br/ENETCONSULTA/frmDownloadDocumento.aspx?CodigoInstituicao=1&NumeroSequencialDocumento=157630,CVM DFP/ITR (dados.cvm.gov.br); B3 COTAHIST; preços não ajustados
,RIO ALTO ENERGIAS RENOVÁVEIS S.A.,25720,Energia Elétrica,,,,indisponivel,indisponivel,nao_aplicavel,dado_insuficiente,nao_aplicavel,172.05,serie_nao_comparavel,nao_aplicavel,DADOS_INSUFICIENTES,Receita estável (sem queda >15%); Lucro positivo nos 5 anos; FCF positivo em >=3 dos 5 anos,P/VPA < 1; P/L positivo e baixo; ROE mediano 5a > 12%; Dívida líq./EBITDA < 3; CAGR lucro > 10%; Liquidez >= R$5M/dia,2026-03-31,2026-07-20,http://www.rad.cvm.gov.br/ENETCONSULTA/frmDownloadDocumento.aspx?CodigoInstituicao=1&NumeroSequencialDocumento=159572,CVM DFP/ITR (dados.cvm.gov.br); B3 COTAHIST; preços não ajustados
"GEPA3,GEPA4",RIO PARANAPANEMA ENERGIA S.A.,18368,Energia Elétrica,2026-07-27,,19911.095238095237,indisponivel,indisponivel,nao_aplicavel,dado_insuficiente,nao_aplicavel,serie_nao_comparavel,serie_nao_comparavel,nao_aplicavel,DADOS_INSUFICIENTES,Receita estável (sem queda >15%); Lucro positivo nos 5 anos; CFO positivo em >=4 dos 5 anos; FCF positivo em >=3 dos 5 anos; Liquidez >= R$5M/dia,P/VPA < 1; P/L positivo e baixo; ROE mediano 5a > 12%; Dívida líq./EBITDA < 3; CAGR receita > 10%; CAGR lucro > 10%,2025-12-31,2026-04-09,http://www.rad.cvm.gov.br/ENETCONSULTA/frmDownloadDocumento.aspx?CodigoInstituicao=1&NumeroSequencialDocumento=156115,CVM DFP/ITR (dados.cvm.gov.br); B3 COTAHIST; preços não ajustados
,RODOVIAS DO BRASIL HOLDING S.A.,26352,Emp. Adm. Part. - Serviços Transporte e Logística,,,,indisponivel,indisponivel,42.83,69.16,3.12,14.75,dado_insuficiente,1.74,DADOS_INSUFICIENTES,Dívida líq./EBITDA < 3; Lucro positivo nos 5 anos,P/VPA < 1; P/L positivo e baixo; CAGR lucro > 10%; Liquidez >= R$5M/dia,2026-03-31,2026-05-14,http://www.rad.cvm.gov.br/ENETCONSULTA/frmDownloadDocumento.aspx?CodigoInstituicao=1&NumeroSequencialDocumento=157448,CVM DFP/ITR (dados.cvm.gov.br); B3 COTAHIST; preços não ajustados
"SNSY3,SNSY5,SNSY6",SANSUY S.A. INDUSTRIA DE PLASTICOS,12696,Petroquímicos e Borracha,2026-07-27,,12379.285714285714,indisponivel,indisponivel,nao_aplicavel,dado_insuficiente,nao_aplicavel,6.99,serie_nao_comparavel,nao_aplicavel,DADOS_INSUFICIENTES,CAGR receita > 10%; Lucro positivo nos 5 anos; Liquidez >= R$5M/dia,P/VPA < 1; P/L positivo e baixo; ROE mediano 5a > 12%; Dívida líq./EBITDA < 3; CAGR lucro > 10%,2026-03-31,2026-05-08,http://www.rad.cvm.gov.br/ENETCONSULTA/frmDownloadDocumento.aspx?CodigoInstituicao=1&NumeroSequencialDocumento=156919,CVM DFP/ITR (dados.cvm.gov.br); B3 COTAHIST; preços não ajustados
SEQL3,SEQUOIA LOGÍSTICA E TRANSPORTES S.A.,25160,Serviços Transporte e Logística,2026-07-27,,139412.6984126984,indisponivel,indisponivel,nao_aplicavel,dado_insuficiente,nao_aplicavel,-20.98,serie_nao_comparavel,nao_aplicavel,DADOS_INSUFICIENTES,CAGR receita > 10%; Receita estável (sem queda >15%); Lucro positivo nos 5 anos; CFO positivo em >=4 dos 5 anos; FCF positivo em >=3 dos 5 anos; Liquidez >= R$5M/dia,P/VPA < 1; P/L positivo e baixo; ROE mediano 5a > 12%; Dívida líq./EBITDA < 3; CAGR lucro > 10%,2026-03-31,2026-06-30,http://www.rad.cvm.gov.br/ENETCONSULTA/frmDownloadDocumento.aspx?CodigoInstituicao=1&NumeroSequencialDocumento=159285,CVM DFP/ITR (dados.cvm.gov.br); B3 COTAHIST; preços não ajustados
,SOLVI ESSENCIS AMBIENTAL S.A.,27073,"Saneamento, Serv. Água e Gás",,,,indisponivel,indisponivel,22.32,dado_insuficiente,2.20,dado_insuficiente,dado_insuficiente,2.90,DADOS_INSUFICIENTES,FCF positivo em >=3 dos 5 anos,P/VPA < 1; P/L positivo e baixo; ROE mediano 5a > 12%; CAGR receita > 10%; CAGR lucro > 10%; Lucro positivo nos 5 anos; Liquidez >= R$5M/dia,2026-03-31,2026-05-15,http://www.rad.cvm.gov.br/ENETCONSULTA/frmDownloadDocumento.aspx?CodigoInstituicao=1&NumeroSequencialDocumento=157564,CVM DFP/ITR (dados.cvm.gov.br); B3 COTAHIST; preços não ajustados
OPTS3,SUL 116 PARTICIPACOES S.A.,16438,Emp. Adm. Part. - Telecomunicações,,,,indisponivel,indisponivel,-1.94,-4.41,indisponivel,serie_nao_comparavel,serie_nao_comparavel,nao_aplicavel,DADOS_INSUFICIENTES,ROE mediano 5a > 12%; Receita estável (sem queda >15%); Lucro positivo nos 5 anos; CFO positivo em >=4 dos 5 anos; FCF positivo em >=3 dos 5 anos,P/VPA < 1; P/L positivo e baixo; Dívida líq./EBITDA < 3; CAGR receita > 10%; CAGR lucro > 10%; Liquidez >= R$5M/dia,2026-03-31,2026-05-15,http://www.rad.cvm.gov.br/ENETCONSULTA/frmDownloadDocumento.aspx?CodigoInstituicao=1&NumeroSequencialDocumento=157622,CVM DFP/ITR (dados.cvm.gov.br); B3 COTAHIST; preços não ajustados
SHOW3,T4F ENTRETENIMENTO S.A.,22454,Brinquedos e Lazer,2026-07-27,,201121.50793650793,indisponivel,indisponivel,-42.87,-26.54,nao_aplicavel,55.00,serie_nao_comparavel,nao_aplicavel,DADOS_INSUFICIENTES,ROE mediano 5a > 12%; Receita estável (sem queda >15%); Lucro positivo nos 5 anos; CFO positivo em >=4 dos 5 anos; Liquidez >= R$5M/dia,P/VPA < 1; P/L positivo e baixo; Dívida líq./EBITDA < 3; CAGR lucro > 10%,2026-03-31,2026-05-14,http://www.rad.cvm.gov.br/ENETCONSULTA/frmDownloadDocumento.aspx?CodigoInstituicao=1&NumeroSequencialDocumento=157347,CVM DFP/ITR (dados.cvm.gov.br); B3 COTAHIST; preços não ajustados
,TECIDOS E ARMARINHOS MIGUEL BARTOLOMEU S.A.,26760,Comércio (Atacado e Varejo),,,,indisponivel,indisponivel,49.50,dado_insuficiente,2.71,dado_insuficiente,dado_insuficiente,-0.18,DADOS_INSUFICIENTES,,P/VPA < 1; P/L positivo e baixo; ROE mediano 5a > 12%; CAGR receita > 10%; CAGR lucro > 10%; Lucro positivo nos 5 anos; Liquidez >= R$5M/dia,2026-03-31,2026-05-15,http://www.rad.cvm.gov.br/ENETCONSULTA/frmDownloadDocumento.aspx?CodigoInstituicao=1&NumeroSequencialDocumento=157652,CVM DFP/ITR (dados.cvm.gov.br); B3 COTAHIST; preços não ajustados
,TECNOGERA-LOCAÇÃO E TRANSFORMAÇÃO DE ENERGIA S.A.,27847,"Máquinas, Equipamentos, Veículos e Peças",,,,indisponivel,indisponivel,14.78,dado_insuficiente,1.86,dado_insuficiente,dado_insuficiente,4.17,DADOS_INSUFICIENTES,CFO positivo em >=4 dos 5 anos; FCF positivo em >=3 dos 5 anos,P/VPA < 1; P/L positivo e baixo; ROE mediano 5a > 12%; CAGR receita > 10%; CAGR lucro > 10%; Lucro positivo nos 5 anos; Liquidez >= R$5M/dia,2026-03-31,2026-05-15,http://www.rad.cvm.gov.br/ENETCONSULTA/frmDownloadDocumento.aspx?CodigoInstituicao=1&NumeroSequencialDocumento=157642,CVM DFP/ITR (dados.cvm.gov.br); B3 COTAHIST; preços não ajustados
TEGA,TEGRA INCORPORADORA S.A.,25844,"Emp. Adm. Part. - Const. Civil, Mat. Const. e Decoração",,,,indisponivel,indisponivel,-2.73,2.13,nao_aplicavel,-4.88,serie_nao_comparavel,nao_aplicavel,DADOS_INSUFICIENTES,ROE mediano 5a > 12%; CAGR receita > 10%; Receita estável (sem queda >15%); Lucro positivo nos 5 anos; CFO positivo em >=4 dos 5 anos; FCF positivo em >=3 dos 5 anos,P/VPA < 1; P/L positivo e baixo; Dívida líq./EBITDA < 3; CAGR lucro > 10%; Liquidez >= R$5M/dia,2026-03-31,2026-05-14,http://www.rad.cvm.gov.br/ENETCONSULTA/frmDownloadDocumento.aspx?CodigoInstituicao=1&NumeroSequencialDocumento=157437,CVM DFP/ITR (dados.cvm.gov.br); B3 COTAHIST; preços não ajustados
,TERP GLBL BRASIL I PARTICIPAÇÕES S.A.,27804,Emp. Adm. Part. - Energia Elétrica,,,,indisponivel,indisponivel,nao_aplicavel,dado_insuficiente,2.60,dado_insuficiente,dado_insuficiente,2.27,DADOS_INSUFICIENTES,CFO positivo em >=4 dos 5 anos; FCF positivo em >=3 dos 5 anos,P/VPA < 1; P/L positivo e baixo; ROE mediano 5a > 12%; CAGR receita > 10%; CAGR lucro > 10%; Lucro positivo nos 5 anos; Liquidez >= R$5M/dia,2026-03-31,2026-05-15,http://www.rad.cvm.gov.br/ENETCONSULTA/frmDownloadDocumento.aspx?CodigoInstituicao=1&NumeroSequencialDocumento=157547,CVM DFP/ITR (dados.cvm.gov.br); B3 COTAHIST; preços não ajustados
"TRXR3,TXRX4",TEXTIL RENAUXVIEW S.A.,7544,Têxtil e Vestuário,2026-06-02,,929.0,indisponivel,indisponivel,nao_aplicavel,dado_insuficiente,indisponivel,-8.05,serie_nao_comparavel,nao_aplicavel,DADOS_INSUFICIENTES,CAGR receita > 10%; Receita estável (sem queda >15%); Lucro positivo nos 5 anos; CFO positivo em >=4 dos 5 anos; FCF positivo em >=3 dos 5 anos; Liquidez >= R$5M/dia,P/VPA < 1; P/L positivo e baixo; ROE mediano 5a > 12%; Dívida líq./EBITDA < 3; CAGR lucro > 10%,2026-03-31,2026-05-15,http://www.rad.cvm.gov.br/ENETCONSULTA/frmDownloadDocumento.aspx?CodigoInstituicao=1&NumeroSequencialDocumento=157494,CVM DFP/ITR (dados.cvm.gov.br); B3 COTAHIST; preços não ajustados
TIMS3,TIM S.A.,24929,Telecomunicações,2026-07-27,51356368923.0,132612173.03174603,indisponivel,2.10,indisponivel,dado_insuficiente,indisponivel,dado_insuficiente,dado_insuficiente,indisponivel,DADOS_INSUFICIENTES,P/VPA < 1; Receita estável (sem queda >15%); CFO positivo em >=4 dos 5 anos; FCF positivo em >=3 dos 5 anos,P/L positivo e baixo; ROE mediano 5a > 12%; Dívida líq./EBITDA < 3; CAGR receita > 10%; CAGR lucro > 10%; Lucro positivo nos 5 anos,2026-03-31,2026-05-05,http://www.rad.cvm.gov.br/ENETCONSULTA/frmDownloadDocumento.aspx?CodigoInstituicao=1&NumeroSequencialDocumento=156650,CVM DFP/ITR (dados.cvm.gov.br); B3 COTAHIST; preços não ajustados
TTEN3,TRÊS TENTOS AGROINDUSTRIAL S/A,25950,"Agricultura (Açúcar, Álcool e Cana)",2026-07-27,7618330412.28,17588402.14285714,10.69,1.60,15.05,dado_insuficiente,3.44,dado_insuficiente,dado_insuficiente,0.94,DADOS_INSUFICIENTES,P/VPA < 1; P/L positivo e baixo; Dívida líq./EBITDA < 3; FCF positivo em >=3 dos 5 anos,ROE mediano 5a > 12%; CAGR receita > 10%; CAGR lucro > 10%; Lucro positivo nos 5 anos,2026-03-31,2026-05-14,http://www.rad.cvm.gov.br/ENETCONSULTA/frmDownloadDocumento.aspx?CodigoInstituicao=1&NumeroSequencialDocumento=157380,CVM DFP/ITR (dados.cvm.gov.br); B3 COTAHIST; preços não ajustados
,TUPI ENERGIAS RENOVÁVEIS S.A.,27944,Emp. Adm. Part. - Energia Elétrica,,,,indisponivel,indisponivel,-40.63,dado_insuficiente,4.85,dado_insuficiente,dado_insuficiente,nao_aplicavel,DADOS_INSUFICIENTES,Dívida líq./EBITDA < 3; CFO positivo em >=4 dos 5 anos; FCF positivo em >=3 dos 5 anos,P/VPA < 1; P/L positivo e baixo; ROE mediano 5a > 12%; CAGR receita > 10%; CAGR lucro > 10%; Receita estável (sem queda >15%); Lucro positivo nos 5 anos; Liquidez >= R$5M/dia,2026-03-31,2026-05-15,http://www.rad.cvm.gov.br/ENETCONSULTA/frmDownloadDocumento.aspx?CodigoInstituicao=1&NumeroSequencialDocumento=157611,CVM DFP/ITR (dados.cvm.gov.br); B3 COTAHIST; preços não ajustados
,TURBI COMPARTILHAMENTO DE VEÍCULOS S.A.,27197,Serviços Transporte e Logística,,,,indisponivel,indisponivel,-228.64,dado_insuficiente,8.31,dado_insuficiente,dado_insuficiente,nao_aplicavel,DADOS_INSUFICIENTES,Dívida líq./EBITDA < 3; CFO positivo em >=4 dos 5 anos; FCF positivo em >=3 dos 5 anos,P/VPA < 1; P/L positivo e baixo; ROE mediano 5a > 12%; CAGR receita > 10%; CAGR lucro > 10%; Lucro positivo nos 5 anos; Liquidez >= R$5M/dia,2026-03-31,2026-05-15,http://www.rad.cvm.gov.br/ENETCONSULTA/frmDownloadDocumento.aspx?CodigoInstituicao=1&NumeroSequencialDocumento=157566,CVM DFP/ITR (dados.cvm.gov.br); B3 COTAHIST; preços não ajustados
,UNIDAS LOCADORA S.A.,27162,Serviços Transporte e Logística,,,,indisponivel,indisponivel,0.99,dado_insuficiente,2.74,dado_insuficiente,dado_insuficiente,5.06,DADOS_INSUFICIENTES,CFO positivo em >=4 dos 5 anos; FCF positivo em >=3 dos 5 anos,P/VPA < 1; P/L positivo e baixo; ROE mediano 5a > 12%; CAGR receita > 10%; CAGR lucro > 10%; Lucro positivo nos 5 anos; Liquidez >= R$5M/dia,2026-03-31,2026-05-11,http://www.rad.cvm.gov.br/ENETCONSULTA/frmDownloadDocumento.aspx?CodigoInstituicao=1&NumeroSequencialDocumento=157111,CVM DFP/ITR (dados.cvm.gov.br); B3 COTAHIST; preços não ajustados
AUAU3,UNIÃO PET PARTICIPAÇÕES S.A.,27766,Comércio (Atacado e Varejo),2026-07-27,2761730971.7200003,9211960.57142857,20.71,0.89,6.40,dado_insuficiente,-0.29,dado_insuficiente,dado_insuficiente,4.34,DADOS_INSUFICIENTES,P/L positivo e baixo; CFO positivo em >=4 dos 5 anos; FCF positivo em >=3 dos 5 anos,ROE mediano 5a > 12%; CAGR receita > 10%; CAGR lucro > 10%; Lucro positivo nos 5 anos,2026-03-31,2026-05-07,http://www.rad.cvm.gov.br/ENETCONSULTA/frmDownloadDocumento.aspx?CodigoInstituicao=1&NumeroSequencialDocumento=156879,CVM DFP/ITR (dados.cvm.gov.br); B3 COTAHIST; preços não ajustados
"USIM3,USIM5,USIM6",USINAS SID DE MINAS GERAIS S.A.-USIMINAS,14320,Metalurgia e Siderurgia,2026-07-27,,135072195.57142857,indisponivel,indisponivel,-12.61,2.65,nao_aplicavel,-6.07,serie_nao_comparavel,nao_aplicavel,DADOS_INSUFICIENTES,ROE mediano 5a > 12%; CAGR receita > 10%; Lucro positivo nos 5 anos,P/VPA < 1; P/L positivo e baixo; Dívida líq./EBITDA < 3; CAGR lucro > 10%,2026-03-31,2026-04-24,http://www.rad.cvm.gov.br/ENETCONSULTA/frmDownloadDocumento.aspx?CodigoInstituicao=1&NumeroSequencialDocumento=156351,CVM DFP/ITR (dados.cvm.gov.br); B3 COTAHIST; preços não ajustados
,V. TAL - REDE NEUTRA DE TELECOMUNICAÇÕES S.A.,27022,Telecomunicações,,,,indisponivel,indisponivel,-89.01,dado_insuficiente,nao_aplicavel,dado_insuficiente,dado_insuficiente,nao_aplicavel,DADOS_INSUFICIENTES,FCF positivo em >=3 dos 5 anos,P/VPA < 1; P/L positivo e baixo; ROE mediano 5a > 12%; Dívida líq./EBITDA < 3; CAGR receita > 10%; CAGR lucro > 10%; Lucro positivo nos 5 anos; Liquidez >= R$5M/dia,2026-03-31,2026-05-15,http://www.rad.cvm.gov.br/ENETCONSULTA/frmDownloadDocumento.aspx?CodigoInstituicao=1&NumeroSequencialDocumento=157650,CVM DFP/ITR (dados.cvm.gov.br); B3 COTAHIST; preços não ajustados
,VERO S.A.,26409,Telecomunicações,,,,indisponivel,indisponivel,indisponivel,dado_insuficiente,indisponivel,dado_insuficiente,dado_insuficiente,indisponivel,DADOS_INSUFICIENTES,,P/VPA < 1; P/L positivo e baixo; ROE mediano 5a > 12%; Dívida líq./EBITDA < 3; CAGR receita > 10%; CAGR lucro > 10%; Lucro positivo nos 5 anos; Liquidez >= R$5M/dia,2025-09-30,2025-11-12,http://www.rad.cvm.gov.br/ENETCONSULTA/frmDownloadDocumento.aspx?CodigoInstituicao=1&NumeroSequencialDocumento=153088,CVM DFP/ITR (dados.cvm.gov.br); B3 COTAHIST; preços não ajustados
,VITAL ENGENHARIA AMBIENTAL S.A.,27510,"Saneamento, Serv. Água e Gás",,,,indisponivel,indisponivel,33.97,dado_insuficiente,-0.24,dado_insuficiente,dado_insuficiente,4.02,DADOS_INSUFICIENTES,CFO positivo em >=4 dos 5 anos,P/VPA < 1; P/L positivo e baixo; ROE mediano 5a > 12%; CAGR receita > 10%; CAGR lucro > 10%; Lucro positivo nos 5 anos; Liquidez >= R$5M/dia,2026-03-31,2026-05-13,http://www.rad.cvm.gov.br/ENETCONSULTA/frmDownloadDocumento.aspx?CodigoInstituicao=1&NumeroSequencialDocumento=157323,CVM DFP/ITR (dados.cvm.gov.br); B3 COTAHIST; preços não ajustados
VIVR3,VIVER INCORPORADORA E CONSTRUTORA S.A.,20702,"Construção Civil, Mat. Constr. e Decoração",2026-07-27,82472691.21,24460.333333333332,prejuizo,nao_aplicavel,nao_aplicavel,dado_insuficiente,nao_aplicavel,-19.34,serie_nao_comparavel,nao_aplicavel,DADOS_INSUFICIENTES,P/L positivo e baixo; CAGR receita > 10%; Receita estável (sem queda >15%); Lucro positivo nos 5 anos; CFO positivo em >=4 dos 5 anos; FCF positivo em >=3 dos 5 anos; Liquidez >= R$5M/dia,P/VPA < 1; ROE mediano 5a > 12%; Dívida líq./EBITDA < 3; CAGR lucro > 10%,2026-03-31,2026-06-08,http://www.rad.cvm.gov.br/ENETCONSULTA/frmDownloadDocumento.aspx?CodigoInstituicao=1&NumeroSequencialDocumento=158981,CVM DFP/ITR (dados.cvm.gov.br); B3 COTAHIST; preços não ajustados
,VLI MULTIMODAL S.A,28045,Emp. Adm. Part. - Serviços Transporte e Logística,,,,indisponivel,indisponivel,indisponivel,dado_insuficiente,indisponivel,dado_insuficiente,dado_insuficiente,indisponivel,DADOS_INSUFICIENTES,CFO positivo em >=4 dos 5 anos; FCF positivo em >=3 dos 5 anos,P/VPA < 1; P/L positivo e baixo; ROE mediano 5a > 12%; Dívida líq./EBITDA < 3; CAGR receita > 10%; CAGR lucro > 10%; Receita estável (sem queda >15%); Lucro positivo nos 5 anos; Liquidez >= R$5M/dia,2026-03-31,2026-05-19,http://www.rad.cvm.gov.br/ENETCONSULTA/frmDownloadDocumento.aspx?CodigoInstituicao=1&NumeroSequencialDocumento=157734,CVM DFP/ITR (dados.cvm.gov.br); B3 COTAHIST; preços não ajustados
,VOKE S.A.,27324,Emp. Adm. Part. - Comunicação e Informática,,,,indisponivel,indisponivel,-205.86,dado_insuficiente,3.80,dado_insuficiente,dado_insuficiente,nao_aplicavel,DADOS_INSUFICIENTES,Dívida líq./EBITDA < 3; CFO positivo em >=4 dos 5 anos; FCF positivo em >=3 dos 5 anos,P/VPA < 1; P/L positivo e baixo; ROE mediano 5a > 12%; CAGR receita > 10%; CAGR lucro > 10%; Lucro positivo nos 5 anos; Liquidez >= R$5M/dia,2026-03-31,2026-05-15,http://www.rad.cvm.gov.br/ENETCONSULTA/frmDownloadDocumento.aspx?CodigoInstituicao=1&NumeroSequencialDocumento=157638,CVM DFP/ITR (dados.cvm.gov.br); B3 COTAHIST; preços não ajustados
,VOTORANTIM CIMENTOS S.A.,27189,"Construção Civil, Mat. Constr. e Decoração",,,,indisponivel,indisponivel,17.65,dado_insuficiente,1.69,dado_insuficiente,dado_insuficiente,1.27,DADOS_INSUFICIENTES,,P/VPA < 1; P/L positivo e baixo; ROE mediano 5a > 12%; CAGR receita > 10%; CAGR lucro > 10%; Lucro positivo nos 5 anos; Liquidez >= R$5M/dia,2026-03-31,2026-05-13,http://www.rad.cvm.gov.br/ENETCONSULTA/frmDownloadDocumento.aspx?CodigoInstituicao=1&NumeroSequencialDocumento=157247,CVM DFP/ITR (dados.cvm.gov.br); B3 COTAHIST; preços não ajustados
,W2W E-COMMERCE DE VINHOS S.A.,25852,Comércio (Atacado e Varejo),,,,indisponivel,indisponivel,4.04,-15.63,0.91,8.28,turnaround,8.70,DADOS_INSUFICIENTES,ROE mediano 5a > 12%; CAGR receita > 10%; Lucro positivo nos 5 anos,P/VPA < 1; P/L positivo e baixo; CAGR lucro > 10%; Liquidez >= R$5M/dia,2026-03-31,2026-05-14,http://www.rad.cvm.gov.br/ENETCONSULTA/frmDownloadDocumento.aspx?CodigoInstituicao=1&NumeroSequencialDocumento=157457,CVM DFP/ITR (dados.cvm.gov.br); B3 COTAHIST; preços não ajustados
"MWET3,MWET4",WETZEL S.A.,11991,Metalurgia e Siderurgia,2026-07-27,30732800.0,78361.19047619047,prejuizo,nao_aplicavel,nao_aplicavel,dado_insuficiente,nao_aplicavel,-5.16,serie_nao_comparavel,nao_aplicavel,DADOS_INSUFICIENTES,P/L positivo e baixo; CAGR receita > 10%; Receita estável (sem queda >15%); Lucro positivo nos 5 anos; CFO positivo em >=4 dos 5 anos; FCF positivo em >=3 dos 5 anos; Liquidez >= R$5M/dia,P/VPA < 1; ROE mediano 5a > 12%; Dívida líq./EBITDA < 3; CAGR lucro > 10%,2026-03-31,2026-05-14,http://www.rad.cvm.gov.br/ENETCONSULTA/frmDownloadDocumento.aspx?CodigoInstituicao=1&NumeroSequencialDocumento=157354,CVM DFP/ITR (dados.cvm.gov.br); B3 COTAHIST; preços não ajustados
,YBYRÁ CAPITAL S.A.,16705,Emp. Adm. Part. - Sem Setor Principal,,,,indisponivel,indisponivel,-0.01,dado_insuficiente,indisponivel,dado_insuficiente,dado_insuficiente,nao_aplicavel,DADOS_INSUFICIENTES,Receita estável (sem queda >15%); CFO positivo em >=4 dos 5 anos; FCF positivo em >=3 dos 5 anos,P/VPA < 1; P/L positivo e baixo; ROE mediano 5a > 12%; Dívida líq./EBITDA < 3; CAGR receita > 10%; CAGR lucro > 10%; Lucro positivo nos 5 anos; Liquidez >= R$5M/dia,2025-12-31,2026-04-16,http://www.rad.cvm.gov.br/ENETCONSULTA/frmDownloadDocumento.aspx?CodigoInstituicao=1&NumeroSequencialDocumento=156260,CVM DFP/ITR (dados.cvm.gov.br); B3 COTAHIST; preços não ajustados
,YOU INC INCORPORADORA E PARTICIPAÇÃO S.A,23604,"Construção Civil, Mat. Constr. e Decoração",,,,indisponivel,indisponivel,nao_aplicavel,dado_insuficiente,nao_aplicavel,-2.67,serie_nao_comparavel,nao_aplicavel,DADOS_INSUFICIENTES,CAGR receita > 10%; Receita estável (sem queda >15%); Lucro positivo nos 5 anos; CFO positivo em >=4 dos 5 anos; FCF positivo em >=3 dos 5 anos,P/VPA < 1; P/L positivo e baixo; ROE mediano 5a > 12%; Dívida líq./EBITDA < 3; CAGR lucro > 10%; Liquidez >= R$5M/dia,2026-03-31,2026-05-28,http://www.rad.cvm.gov.br/ENETCONSULTA/frmDownloadDocumento.aspx?CodigoInstituicao=1&NumeroSequencialDocumento=158149,CVM DFP/ITR (dados.cvm.gov.br); B3 COTAHIST; preços não ajustados
,ALMEIDA JUNIOR SHOPPING CENTERS S.A.,26395,Emp. Adm. Part. - Comércio (Atacado e Varejo),,,,indisponivel,indisponivel,12.48,10.02,2.20,12.86,64.64,0.32,QUASE_APROVADA,ROE mediano 5a > 12%,P/VPA < 1; P/L positivo e baixo; Liquidez >= R$5M/dia,2026-03-31,2026-05-13,http://www.rad.cvm.gov.br/ENETCONSULTA/frmDownloadDocumento.aspx?CodigoInstituicao=1&NumeroSequencialDocumento=157253,CVM DFP/ITR (dados.cvm.gov.br); B3 COTAHIST; preços não ajustados
AZZA3,AZZAS 2154 S.A.,22349,Têxtil e Vestuário,2026-07-27,3456024689.35,49180333.396825396,4.15,0.43,10.41,12.99,1.28,41.80,27.46,1.40,QUASE_APROVADA,P/L positivo e baixo,,2026-03-31,2026-05-07,http://www.rad.cvm.gov.br/ENETCONSULTA/frmDownloadDocumento.aspx?CodigoInstituicao=1&NumeroSequencialDocumento=156881,CVM DFP/ITR (dados.cvm.gov.br); B3 COTAHIST; preços não ajustados
,C&A MODAS S.A.,24848,Têxtil e Vestuário,,,,indisponivel,indisponivel,15.78,7.20,0.08,11.56,15.58,1.99,QUASE_APROVADA,ROE mediano 5a > 12%,P/VPA < 1; P/L positivo e baixo; Liquidez >= R$5M/dia,2026-03-31,2026-05-05,http://www.rad.cvm.gov.br/ENETCONSULTA/frmDownloadDocumento.aspx?CodigoInstituicao=1&NumeroSequencialDocumento=156642,CVM DFP/ITR (dados.cvm.gov.br); B3 COTAHIST; preços não ajustados
EUFA,EUROFARMA LABORATÓRIOS S.A.,26700,Farmacêutico e Higiene,,,,indisponivel,indisponivel,11.33,14.04,2.99,15.27,-12.10,4.73,QUASE_APROVADA,CAGR lucro > 10%,P/VPA < 1; P/L positivo e baixo; Liquidez >= R$5M/dia,2026-03-31,2026-05-15,http://www.rad.cvm.gov.br/ENETCONSULTA/frmDownloadDocumento.aspx?CodigoInstituicao=1&NumeroSequencialDocumento=157498,CVM DFP/ITR (dados.cvm.gov.br); B3 COTAHIST; preços não ajustados
,GRUPO FARTURA DE HORTIFRUT S.A.,26166,Comércio (Atacado e Varejo),,,,indisponivel,indisponivel,20.08,13.58,0.00,12.17,39.95,2.32,QUASE_APROVADA,,P/VPA < 1; P/L positivo e baixo; Liquidez >= R$5M/dia,2026-03-31,2026-05-15,http://www.rad.cvm.gov.br/ENETCONSULTA/frmDownloadDocumento.aspx?CodigoInstituicao=1&NumeroSequencialDocumento=157590,CVM DFP/ITR (dados.cvm.gov.br); B3 COTAHIST; preços não ajustados
"ITUB3,ITUB4",ITAU UNIBANCO HOLDING S.A.,19348,Bancos,2026-07-27,484995592650.0,1129442443.936508,10.55,2.31,22.20,19.50,nao_aplicavel,18.60,13.79,2.21,QUASE_APROVADA,P/VPA < 1,Dívida líq./EBITDA < 3; CFO positivo em >=4 dos 5 anos; FCF positivo em >=3 dos 5 anos,2026-03-31,2026-05-05,http://www.rad.cvm.gov.br/ENETCONSULTA/frmDownloadDocumento.aspx?CodigoInstituicao=1&NumeroSequencialDocumento=156638,CVM DFP/ITR (dados.cvm.gov.br); B3 COTAHIST; preços não ajustados
,J. MACEDO S.A.,21156,Alimentos,,,,indisponivel,indisponivel,25.66,39.25,1.36,8.20,26.85,0.93,QUASE_APROVADA,CAGR receita > 10%,P/VPA < 1; P/L positivo e baixo; Liquidez >= R$5M/dia,2026-03-31,2026-05-12,http://www.rad.cvm.gov.br/ENETCONSULTA/frmDownloadDocumento.aspx?CodigoInstituicao=1&NumeroSequencialDocumento=157170,CVM DFP/ITR (dados.cvm.gov.br); B3 COTAHIST; preços não ajustados
"POMO3,POMO4",MARCOPOLO S.A.,8451,"Máquinas, Equipamentos, Veículos e Peças",2026-07-27,6384027191.209999,47614616.6984127,5.12,1.57,31.61,27.73,1.00,26.84,35.16,1.06,QUASE_APROVADA,P/VPA < 1,,2026-03-31,2026-05-04,http://www.rad.cvm.gov.br/ENETCONSULTA/frmDownloadDocumento.aspx?CodigoInstituicao=1&NumeroSequencialDocumento=156558,CVM DFP/ITR (dados.cvm.gov.br); B3 COTAHIST; preços não ajustados
,METANOR SA METANOL DO NE,8745,Petroquímicos e Borracha,,,,indisponivel,indisponivel,25.28,21.69,-1.58,10.59,-7.74,1.77,QUASE_APROVADA,CAGR lucro > 10%,P/VPA < 1; P/L positivo e baixo; Liquidez >= R$5M/dia,2026-03-31,2026-05-12,http://www.rad.cvm.gov.br/ENETCONSULTA/frmDownloadDocumento.aspx?CodigoInstituicao=1&NumeroSequencialDocumento=157152,CVM DFP/ITR (dados.cvm.gov.br); B3 COTAHIST; preços não ajustados
,PACAEMBU CONSTRUTORA S.A.,25143,"Construção Civil, Mat. Constr. e Decoração",,,,indisponivel,indisponivel,40.66,34.22,-0.15,40.07,93.22,0.53,QUASE_APROVADA,CFO positivo em >=4 dos 5 anos,P/VPA < 1; P/L positivo e baixo; Liquidez >= R$5M/dia,2026-03-31,2026-05-08,http://www.rad.cvm.gov.br/ENETCONSULTA/frmDownloadDocumento.aspx?CodigoInstituicao=1&NumeroSequencialDocumento=157004,CVM DFP/ITR (dados.cvm.gov.br); B3 COTAHIST; preços não ajustados
PLPL3,PLANO & PLANO DESENVOLVIMENTO IMOBILIÁRIO S.A.,25070,"Construção Civil, Mat. Constr. e Decoração",2026-07-27,1556318012.6,39298279.0,4.63,1.46,32.18,42.83,0.17,26.76,27.95,-0.11,QUASE_APROVADA,P/VPA < 1,,2026-03-31,2026-05-07,http://www.rad.cvm.gov.br/ENETCONSULTA/frmDownloadDocumento.aspx?CodigoInstituicao=1&NumeroSequencialDocumento=156894,CVM DFP/ITR (dados.cvm.gov.br); B3 COTAHIST; preços não ajustados
PSSA3,PORTO SEGURO S.A.,16659,Seguradoras e Corretoras,2026-07-27,34763076928.22,74187523.74603175,9.44,2.24,23.55,19.85,nao_aplicavel,17.81,21.64,0.29,QUASE_APROVADA,P/VPA < 1,Dívida líq./EBITDA < 3; CFO positivo em >=4 dos 5 anos; FCF positivo em >=3 dos 5 anos,2026-03-31,2026-05-15,http://www.rad.cvm.gov.br/ENETCONSULTA/frmDownloadDocumento.aspx?CodigoInstituicao=1&NumeroSequencialDocumento=157596,CVM DFP/ITR (dados.cvm.gov.br); B3 COTAHIST; preços não ajustados
PTCA3,PRÁTICA PRODUTOS S.A.,24546,"Emp. Adm. Part. - Máqs., Equip., Veíc. e Peças",,,,indisponivel,indisponivel,17.95,30.94,1.86,21.55,0.40,-0.06,QUASE_APROVADA,CAGR lucro > 10%,P/VPA < 1; P/L positivo e baixo; Liquidez >= R$5M/dia,2026-03-31,2026-05-20,http://www.rad.cvm.gov.br/ENETCONSULTA/frmDownloadDocumento.aspx?CodigoInstituicao=1&NumeroSequencialDocumento=157772,CVM DFP/ITR (dados.cvm.gov.br); B3 COTAHIST; preços não ajustados
,SANTOS BRASIL PARTICIPACOES S.A.,17892,Emp. Adm. Part. - Serviços Transporte e Logística,,,,indisponivel,indisponivel,93.20,37.48,1.09,24.00,33.83,1.82,QUASE_APROVADA,,P/VPA < 1; P/L positivo e baixo; Liquidez >= R$5M/dia,2026-03-31,2026-05-12,http://www.rad.cvm.gov.br/ENETCONSULTA/frmDownloadDocumento.aspx?CodigoInstituicao=1&NumeroSequencialDocumento=157160,CVM DFP/ITR (dados.cvm.gov.br); B3 COTAHIST; preços não ajustados
SMTO3,SAO MARTINHO S.A.,20516,"Agricultura (Açúcar, Álcool e Cana)",2026-07-27,4773839384.97,32766034.714285713,indisponivel,0.65,indisponivel,20.60,indisponivel,13.57,-11.97,indisponivel,QUASE_APROVADA,CAGR lucro > 10%,P/L positivo e baixo; Dívida líq./EBITDA < 3,2025-12-31,2026-02-09,http://www.rad.cvm.gov.br/ENETCONSULTA/frmDownloadDocumento.aspx?CodigoInstituicao=1&NumeroSequencialDocumento=154656,CVM DFP/ITR (dados.cvm.gov.br); B3 COTAHIST; preços não ajustados
,SBF COMÉRCIO DE PRODUTOS ESPORTIVOS S.A.,25410,Comércio (Atacado e Varejo),,,,indisponivel,indisponivel,20.05,11.88,1.90,26.27,68.17,0.40,QUASE_APROVADA,ROE mediano 5a > 12%,P/VPA < 1; P/L positivo e baixo; Liquidez >= R$5M/dia,2026-03-31,2026-05-11,http://www.rad.cvm.gov.br/ENETCONSULTA/frmDownloadDocumento.aspx?CodigoInstituicao=1&NumeroSequencialDocumento=157080,CVM DFP/ITR (dados.cvm.gov.br); B3 COTAHIST; preços não ajustados
,SENIOR SISTEMAS S.A.,26786,Comunicação e Informática,,,,indisponivel,indisponivel,52.38,45.22,-0.95,19.06,24.51,1.39,QUASE_APROVADA,,P/VPA < 1; P/L positivo e baixo; Liquidez >= R$5M/dia,2026-03-31,2026-05-05,http://www.rad.cvm.gov.br/ENETCONSULTA/frmDownloadDocumento.aspx?CodigoInstituicao=1&NumeroSequencialDocumento=156637,CVM DFP/ITR (dados.cvm.gov.br); B3 COTAHIST; preços não ajustados
,SOLAR BEBIDAS S.A.,27014,Bebidas e Fumo,,,,indisponivel,indisponivel,30.98,24.11,0.28,30.50,8.99,1.96,QUASE_APROVADA,CAGR lucro > 10%,P/VPA < 1; P/L positivo e baixo; Liquidez >= R$5M/dia,2026-03-31,2026-05-15,http://www.rad.cvm.gov.br/ENETCONSULTA/frmDownloadDocumento.aspx?CodigoInstituicao=1&NumeroSequencialDocumento=157599,CVM DFP/ITR (dados.cvm.gov.br); B3 COTAHIST; preços não ajustados
"SOND3,SOND5,SOND6",SONDOTECNICA ENGENHARIA SOLOS S.A.,10880,"Construção Civil, Mat. Constr. e Decoração",2026-07-24,,14755.111111111111,indisponivel,indisponivel,48.64,22.76,-0.86,28.85,26.87,0.60,QUASE_APROVADA,Liquidez >= R$5M/dia,P/VPA < 1; P/L positivo e baixo,2026-03-31,2026-05-15,http://www.rad.cvm.gov.br/ENETCONSULTA/frmDownloadDocumento.aspx?CodigoInstituicao=1&NumeroSequencialDocumento=157585,CVM DFP/ITR (dados.cvm.gov.br); B3 COTAHIST; preços não ajustados
TFCO4,TRACK & FIELD CO S.A.,25208,Têxtil e Vestuário,2026-07-27,,9642412.126984127,indisponivel,indisponivel,24.94,29.32,0.45,24.57,16.87,0.93,QUASE_APROVADA,,P/VPA < 1; P/L positivo e baixo,2026-03-31,2026-05-11,http://www.rad.cvm.gov.br/ENETCONSULTA/frmDownloadDocumento.aspx?CodigoInstituicao=1&NumeroSequencialDocumento=157090,CVM DFP/ITR (dados.cvm.gov.br); B3 COTAHIST; preços não ajustados
8192,TREVISA INVESTIMENTOS S.A.,8192,Emp. Adm. Part. - Sem Setor Principal,,,,indisponivel,indisponivel,11.97,15.20,-0.19,4.74,12.22,2.08,QUASE_APROVADA,CAGR receita > 10%,P/VPA < 1; P/L positivo e baixo; Liquidez >= R$5M/dia,2026-03-31,2026-05-15,http://www.rad.cvm.gov.br/ENETCONSULTA/frmDownloadDocumento.aspx?CodigoInstituicao=1&NumeroSequencialDocumento=157541,CVM DFP/ITR (dados.cvm.gov.br); B3 COTAHIST; preços não ajustados
VLID3,VALID SOLUÇÕES S.A.,20028,Comunicação e Informática,2026-07-27,1398482588.35,6132840.714285715,5.74,0.82,14.25,15.88,0.18,-1.58,44.64,1.38,QUASE_APROVADA,CAGR receita > 10%,,2026-03-31,2026-05-06,http://www.rad.cvm.gov.br/ENETCONSULTA/frmDownloadDocumento.aspx?CodigoInstituicao=1&NumeroSequencialDocumento=156728,CVM DFP/ITR (dados.cvm.gov.br); B3 COTAHIST; preços não ajustados
VTRU3,VITRU EDUCAÇÃO S.A.,27057,Educação,2026-07-27,1649272195.52,8846927.238095239,1.48,0.44,33.54,9.08,1.70,37.55,59.46,0.43,QUASE_APROVADA,ROE mediano 5a > 12%,,2026-03-31,2026-05-06,http://www.rad.cvm.gov.br/ENETCONSULTA/frmDownloadDocumento.aspx?CodigoInstituicao=1&NumeroSequencialDocumento=156784,CVM DFP/ITR (dados.cvm.gov.br); B3 COTAHIST; preços não ajustados
VULC3,VULCABRAS S.A.,11762,Têxtil e Vestuário,2026-07-27,4397582000.0,17498148.206349205,3.86,1.75,46.20,29.20,0.75,17.51,38.82,0.45,QUASE_APROVADA,P/VPA < 1,,2026-03-31,2026-05-05,http://www.rad.cvm.gov.br/ENETCONSULTA/frmDownloadDocumento.aspx?CodigoInstituicao=1&NumeroSequencialDocumento=156629,CVM DFP/ITR (dados.cvm.gov.br); B3 COTAHIST; preços não ajustados
,AEGEA SANEAMENTO E PARTICIPAÇÕES S.A.,23396,"Saneamento, Serv. Água e Gás",,,,indisponivel,indisponivel,-35.29,13.79,4.08,49.99,9.24,nao_aplicavel,REPROVADA,Dívida líq./EBITDA < 3; CAGR lucro > 10%,P/VPA < 1; P/L positivo e baixo; Liquidez >= R$5M/dia,2026-03-31,2026-05-06,http://www.rad.cvm.gov.br/ENETCONSULTA/frmDownloadDocumento.aspx?CodigoInstituicao=1&NumeroSequencialDocumento=156777,CVM DFP/ITR (dados.cvm.gov.br); B3 COTAHIST; preços não ajustados
ALLD3,ALLIED TECNOLOGIA S.A.,25330,Comércio (Atacado e Varejo),2026-07-27,437988800.0,1909247.0158730159,1.28,0.28,22.16,8.52,0.24,-1.04,3.65,5.43,REPROVADA,ROE mediano 5a > 12%; CAGR receita > 10%; CAGR lucro > 10%; Liquidez >= R$5M/dia,,2026-03-31,2026-05-07,http://www.rad.cvm.gov.br/ENETCONSULTA/frmDownloadDocumento.aspx?CodigoInstituicao=1&NumeroSequencialDocumento=156888,CVM DFP/ITR (dados.cvm.gov.br); B3 COTAHIST; preços não ajustados
ALOS3,ALLOS S.A.,22357,Emp. Adm. Part. - Comércio (Atacado e Varejo),2026-07-27,13373027618.91,142033715.7142857,16.15,1.03,6.34,5.70,-1.01,32.14,31.99,2.18,REPROVADA,P/VPA < 1; P/L positivo e baixo; ROE mediano 5a > 12%,,2026-03-31,2026-05-07,http://www.rad.cvm.gov.br/ENETCONSULTA/frmDownloadDocumento.aspx?CodigoInstituicao=1&NumeroSequencialDocumento=156843,CVM DFP/ITR (dados.cvm.gov.br); B3 COTAHIST; preços não ajustados
ALPK3,"ALLPARK EMPREENDIMENTOS, PARTICIPAÇÕES E SERVIÇOS S.A.",24953,Serviços Transporte e Logística,2026-07-27,920722369.0,691436.1904761905,68.04,2.55,3.77,-11.67,indisponivel,22.38,turnaround,indisponivel,REPROVADA,P/VPA < 1; P/L positivo e baixo; ROE mediano 5a > 12%; Lucro positivo nos 5 anos; CFO positivo em >=4 dos 5 anos; FCF positivo em >=3 dos 5 anos; Liquidez >= R$5M/dia,Dívida líq./EBITDA < 3; CAGR lucro > 10%,2026-03-31,2026-05-06,http://www.rad.cvm.gov.br/ENETCONSULTA/frmDownloadDocumento.aspx?CodigoInstituicao=1&NumeroSequencialDocumento=156712,CVM DFP/ITR (dados.cvm.gov.br); B3 COTAHIST; preços não ajustados
"ALPA3,ALPA4",ALPARGATAS S.A.,10456,Têxtil e Vestuário,2026-07-27,6895156031.7,21673726.984126985,11.13,1.99,18.26,2.72,0.51,3.69,-4.70,1.14,REPROVADA,P/VPA < 1; P/L positivo e baixo; ROE mediano 5a > 12%; CAGR receita > 10%; CAGR lucro > 10%; Lucro positivo nos 5 anos,,2026-03-31,2026-05-07,http://www.rad.cvm.gov.br/ENETCONSULTA/frmDownloadDocumento.aspx?CodigoInstituicao=1&NumeroSequencialDocumento=156851,CVM DFP/ITR (dados.cvm.gov.br); B3 COTAHIST; preços não ajustados
AVLL3,ALPHAVILLE S.A.,25275,"Construção Civil, Mat. Constr. e Decoração",2026-07-24,2119327961.1,22673.507936507936,prejuizo,nao_aplicavel,nao_aplicavel,dado_insuficiente,4.47,26.57,serie_nao_comparavel,nao_aplicavel,REPROVADA,P/L positivo e baixo; Dívida líq./EBITDA < 3; Lucro positivo nos 5 anos; CFO positivo em >=4 dos 5 anos; FCF positivo em >=3 dos 5 anos; Liquidez >= R$5M/dia,P/VPA < 1; ROE mediano 5a > 12%; CAGR lucro > 10%,2026-03-31,2026-05-14,http://www.rad.cvm.gov.br/ENETCONSULTA/frmDownloadDocumento.aspx?CodigoInstituicao=1&NumeroSequencialDocumento=157419,CVM DFP/ITR (dados.cvm.gov.br); B3 COTAHIST; preços não ajustados
ALUP11,ALUPAR INVESTIMENTO S/A,21490,Emp. Adm. Part. - Energia Elétrica,2026-07-27,,28464568.523809522,indisponivel,indisponivel,12.08,13.76,2.95,-4.26,2.17,1.80,REPROVADA,CAGR receita > 10%; CAGR lucro > 10%; Receita estável (sem queda >15%),P/VPA < 1; P/L positivo e baixo,2026-03-31,2026-05-07,http://www.rad.cvm.gov.br/ENETCONSULTA/frmDownloadDocumento.aspx?CodigoInstituicao=1&NumeroSequencialDocumento=156883,CVM DFP/ITR (dados.cvm.gov.br); B3 COTAHIST; preços não ajustados
ABEV3,AMBEV S.A.,23264,Bebidas e Fumo,2026-07-27,247363566840.0,429618782.06349206,15.88,2.74,17.50,17.09,-0.54,4.91,5.17,1.70,REPROVADA,P/VPA < 1; P/L positivo e baixo; CAGR receita > 10%; CAGR lucro > 10%,,2026-03-31,2026-05-05,http://www.rad.cvm.gov.br/ENETCONSULTA/frmDownloadDocumento.aspx?CodigoInstituicao=1&NumeroSequencialDocumento=156600,CVM DFP/ITR (dados.cvm.gov.br); B3 COTAHIST; preços não ajustados
AMER3,AMERICANAS S.A. - EM RECUPERAÇÃO JUDICIAL,20990,Comércio (Atacado e Varejo),2026-07-27,867060828.35,8312018.19047619,1.57,0.20,12.06,dado_insuficiente,1.25,-14.19,serie_nao_comparavel,0.83,REPROVADA,CAGR receita > 10%; Receita estável (sem queda >15%); Lucro positivo nos 5 anos; CFO positivo em >=4 dos 5 anos; FCF positivo em >=3 dos 5 anos,ROE mediano 5a > 12%; CAGR lucro > 10%,2026-03-31,2026-05-13,http://www.rad.cvm.gov.br/ENETCONSULTA/frmDownloadDocumento.aspx?CodigoInstituicao=1&NumeroSequencialDocumento=157319,CVM DFP/ITR (dados.cvm.gov.br); B3 COTAHIST; preços não ajustados
ANIM3,ANIMA HOLDING S.A.,23248,Educação,2026-07-27,793505878.2,24942601.285714287,5.91,0.33,5.73,-0.17,2.86,11.00,turnaround,4.89,REPROVADA,ROE mediano 5a > 12%; Lucro positivo nos 5 anos,CAGR lucro > 10%,2026-03-31,2026-05-06,http://www.rad.cvm.gov.br/ENETCONSULTA/frmDownloadDocumento.aspx?CodigoInstituicao=1&NumeroSequencialDocumento=156711,CVM DFP/ITR (dados.cvm.gov.br); B3 COTAHIST; preços não ajustados
,ARGO ENERGIA EMPREENDIMENTOS E PARTICIPAÇÕES S/A,24120,Emp. Adm. Part. - Energia Elétrica,,,,indisponivel,indisponivel,10.80,10.38,4.72,1.61,7.01,1.79,REPROVADA,ROE mediano 5a > 12%; Dívida líq./EBITDA < 3; CAGR receita > 10%; CAGR lucro > 10%; Receita estável (sem queda >15%),P/VPA < 1; P/L positivo e baixo; Liquidez >= R$5M/dia,2026-03-31,2026-05-14,http://www.rad.cvm.gov.br/ENETCONSULTA/frmDownloadDocumento.aspx?CodigoInstituicao=1&NumeroSequencialDocumento=157492,CVM DFP/ITR (dados.cvm.gov.br); B3 COTAHIST; preços não ajustados
AURE3,AUREN ENERGIA S.A.,26620,Energia Elétrica,2026-07-27,11824056960.0,33603675.84126984,prejuizo,0.99,-10.60,-0.17,6.43,49.70,serie_nao_comparavel,nao_aplicavel,REPROVADA,P/L positivo e baixo; ROE mediano 5a > 12%; Dívida líq./EBITDA < 3; Lucro positivo nos 5 anos,CAGR lucro > 10%,2026-03-31,2026-05-06,http://www.rad.cvm.gov.br/ENETCONSULTA/frmDownloadDocumento.aspx?CodigoInstituicao=1&NumeroSequencialDocumento=156730,CVM DFP/ITR (dados.cvm.gov.br); B3 COTAHIST; preços não ajustados
"AZEV3,AZEV4",AZEVEDO E TRAVASSOS S.A.,11975,"Construção Civil, Mat. Constr. e Decoração",2026-07-27,1017391784.98,1207643.761904762,prejuizo,9.03,-538.26,-97.97,nao_aplicavel,46.02,serie_nao_comparavel,nao_aplicavel,REPROVADA,P/VPA < 1; P/L positivo e baixo; ROE mediano 5a > 12%; Receita estável (sem queda >15%); Lucro positivo nos 5 anos; CFO positivo em >=4 dos 5 anos; FCF positivo em >=3 dos 5 anos; Liquidez >= R$5M/dia,Dívida líq./EBITDA < 3; CAGR lucro > 10%,2026-03-31,2026-05-15,http://www.rad.cvm.gov.br/ENETCONSULTA/frmDownloadDocumento.aspx?CodigoInstituicao=1&NumeroSequencialDocumento=157675,CVM DFP/ITR (dados.cvm.gov.br); B3 COTAHIST; preços não ajustados
B3SA3,"B3 S.A. - BRASIL, BOLSA, BALCÃO",21610,Bolsas de Valores/Mercadorias e Futuros,2026-07-27,78769454871.84,597368809.8888888,15.89,4.31,27.77,22.03,-0.08,1.97,-0.70,1.32,REPROVADA,P/VPA < 1; P/L positivo e baixo; CAGR receita > 10%; CAGR lucro > 10%,,2026-03-31,2026-05-07,http://www.rad.cvm.gov.br/ENETCONSULTA/frmDownloadDocumento.aspx?CodigoInstituicao=1&NumeroSequencialDocumento=156900,CVM DFP/ITR (dados.cvm.gov.br); B3 COTAHIST; preços não ajustados
"BALM3,BALM4",BAUMER S.A.,1562,Metalurgia e Siderurgia,2026-07-27,206902180.0,15507.301587301587,10.74,1.30,12.32,8.77,-1.19,12.42,3.15,2.54,REPROVADA,P/VPA < 1; ROE mediano 5a > 12%; CAGR lucro > 10%; Liquidez >= R$5M/dia,,2026-03-31,2026-05-15,http://www.rad.cvm.gov.br/ENETCONSULTA/frmDownloadDocumento.aspx?CodigoInstituicao=1&NumeroSequencialDocumento=157568,CVM DFP/ITR (dados.cvm.gov.br); B3 COTAHIST; preços não ajustados
BMOB3,BEMOBI MOBILE TECH S.A.,25500,Comunicação e Informática,2026-07-27,1972417351.6799998,11672648.936507937,12.35,2.02,16.56,9.41,-1.36,36.49,20.08,0.48,REPROVADA,P/VPA < 1; P/L positivo e baixo; ROE mediano 5a > 12%,,2026-03-31,2026-05-12,http://www.rad.cvm.gov.br/ENETCONSULTA/frmDownloadDocumento.aspx?CodigoInstituicao=1&NumeroSequencialDocumento=157208,CVM DFP/ITR (dados.cvm.gov.br); B3 COTAHIST; preços não ajustados
BIED3,BIOMA EDUCAÇÃO S.A.,701,Emp. Adm. Part. - Educação,2026-07-27,194422338.1,25404.47619047619,prejuizo,11.79,-288.57,-85.38,1.22,5.69,serie_nao_comparavel,nao_aplicavel,REPROVADA,P/VPA < 1; P/L positivo e baixo; ROE mediano 5a > 12%; CAGR receita > 10%; Lucro positivo nos 5 anos; Liquidez >= R$5M/dia,CAGR lucro > 10%,2026-03-31,2026-05-13,http://www.rad.cvm.gov.br/ENETCONSULTA/frmDownloadDocumento.aspx?CodigoInstituicao=1&NumeroSequencialDocumento=157322,CVM DFP/ITR (dados.cvm.gov.br); B3 COTAHIST; preços não ajustados
BIOM3,BIOMM S.A.,19305,Farmacêutico e Higiene,2026-07-27,810166705.28,961775.9523809524,33.68,2.51,7.55,-49.54,1.79,25.93,serie_nao_comparavel,-3.56,REPROVADA,P/VPA < 1; P/L positivo e baixo; ROE mediano 5a > 12%; Lucro positivo nos 5 anos; CFO positivo em >=4 dos 5 anos; FCF positivo em >=3 dos 5 anos; Liquidez >= R$5M/dia,CAGR lucro > 10%,2026-03-31,2026-05-15,http://www.rad.cvm.gov.br/ENETCONSULTA/frmDownloadDocumento.aspx?CodigoInstituicao=1&NumeroSequencialDocumento=157597,CVM DFP/ITR (dados.cvm.gov.br); B3 COTAHIST; preços não ajustados
BLAU3,BLAU FARMACÊUTICA S.A.,24627,Farmacêutico e Higiene,2026-07-27,2006205923.54,2240069.0793650793,8.23,0.87,10.68,13.18,0.05,5.65,-2.41,1.13,REPROVADA,CAGR receita > 10%; CAGR lucro > 10%; FCF positivo em >=3 dos 5 anos; Liquidez >= R$5M/dia,,2026-03-31,2026-05-14,http://www.rad.cvm.gov.br/ENETCONSULTA/frmDownloadDocumento.aspx?CodigoInstituicao=1&NumeroSequencialDocumento=157378,CVM DFP/ITR (dados.cvm.gov.br); B3 COTAHIST; preços não ajustados
"BOBR3,BOBR4",BOMBRIL S.A. - EM RECUPERAÇÃO JUDICIAL,12190,Farmacêutico e Higiene,2026-07-27,,3541.2063492063494,indisponivel,indisponivel,nao_aplicavel,dado_insuficiente,0.61,11.00,0.41,2.09,REPROVADA,CAGR lucro > 10%; Lucro positivo nos 5 anos; Liquidez >= R$5M/dia,P/VPA < 1; P/L positivo e baixo; ROE mediano 5a > 12%,2025-12-31,2026-06-26,http://www.rad.cvm.gov.br/ENETCONSULTA/frmDownloadDocumento.aspx?CodigoInstituicao=1&NumeroSequencialDocumento=159247,CVM DFP/ITR (dados.cvm.gov.br); B3 COTAHIST; preços não ajustados
,BORRACHAS VIPAL S.A.,26980,Petroquímicos e Borracha,,,,indisponivel,indisponivel,15.51,36.89,1.86,5.53,-8.45,4.40,REPROVADA,CAGR receita > 10%; CAGR lucro > 10%,P/VPA < 1; P/L positivo e baixo; Liquidez >= R$5M/dia,2026-03-31,2026-05-12,http://www.rad.cvm.gov.br/ENETCONSULTA/frmDownloadDocumento.aspx?CodigoInstituicao=1&NumeroSequencialDocumento=157158,CVM DFP/ITR (dados.cvm.gov.br); B3 COTAHIST; preços não ajustados
BRML3,BR MALLS PARTICIPACOES S.A.,19909,Emp. Adm. Part. - Comércio (Atacado e Varejo),,,,indisponivel,indisponivel,6.80,5.90,1.24,9.79,44.12,1.32,REPROVADA,ROE mediano 5a > 12%; CAGR receita > 10%,P/VPA < 1; P/L positivo e baixo; Liquidez >= R$5M/dia,2026-03-31,2026-05-14,http://www.rad.cvm.gov.br/ENETCONSULTA/frmDownloadDocumento.aspx?CodigoInstituicao=1&NumeroSequencialDocumento=157458,CVM DFP/ITR (dados.cvm.gov.br); B3 COTAHIST; preços não ajustados
AGRO3,BRASILAGRO - CIA BRAS DE PROP AGRICOLAS,20036,"Agricultura (Açúcar, Álcool e Cana)",2026-07-27,1964334283.7199998,2873030.1746031744,indisponivel,0.96,indisponivel,11.27,indisponivel,-1.01,-18.81,indisponivel,REPROVADA,ROE mediano 5a > 12%; CAGR receita > 10%; CAGR lucro > 10%; Receita estável (sem queda >15%); Liquidez >= R$5M/dia,P/L positivo e baixo; Dívida líq./EBITDA < 3,2026-03-31,2026-05-07,http://www.rad.cvm.gov.br/ENETCONSULTA/frmDownloadDocumento.aspx?CodigoInstituicao=1&NumeroSequencialDocumento=156887,CVM DFP/ITR (dados.cvm.gov.br); B3 COTAHIST; preços não ajustados
BRAV3,BRAVA ENERGIA S.A.,25291,Petróleo e Gás,2026-07-27,9755405142.0,137143509.15873015,41.98,0.85,2.00,5.93,2.20,99.91,turnaround,21.08,REPROVADA,P/L positivo e baixo; ROE mediano 5a > 12%; Lucro positivo nos 5 anos; FCF positivo em >=3 dos 5 anos,CAGR lucro > 10%,2026-03-31,2026-05-06,http://www.rad.cvm.gov.br/ENETCONSULTA/frmDownloadDocumento.aspx?CodigoInstituicao=1&NumeroSequencialDocumento=156761,CVM DFP/ITR (dados.cvm.gov.br); B3 COTAHIST; preços não ajustados
,BRF S.A.,16292,Emp. Adm. Part. - Alimentos,,,,indisponivel,indisponivel,20.12,2.96,1.49,7.70,67.84,3.23,REPROVADA,ROE mediano 5a > 12%; CAGR receita > 10%; Lucro positivo nos 5 anos,P/VPA < 1; P/L positivo e baixo; Liquidez >= R$5M/dia,2026-03-31,2026-05-14,http://www.rad.cvm.gov.br/ENETCONSULTA/frmDownloadDocumento.aspx?CodigoInstituicao=1&NumeroSequencialDocumento=157394,CVM DFP/ITR (dados.cvm.gov.br); B3 COTAHIST; preços não ajustados
CAMB3,CAMBUCI S.A.,2100,Têxtil e Vestuário,2026-07-27,378648135.65000004,149849.47619047618,5.49,1.19,22.07,32.63,-0.71,12.39,25.60,1.02,REPROVADA,P/VPA < 1; P/L positivo e baixo; Liquidez >= R$5M/dia,,2026-03-31,2026-05-05,http://www.rad.cvm.gov.br/ENETCONSULTA/frmDownloadDocumento.aspx?CodigoInstituicao=1&NumeroSequencialDocumento=156658,CVM DFP/ITR (dados.cvm.gov.br); B3 COTAHIST; preços não ajustados
CAML3,CAMIL ALIMENTOS S.A.,24228,Alimentos,2026-07-27,1599624078.0800002,6679757.317460317,indisponivel,0.54,indisponivel,11.93,indisponivel,13.21,-17.25,indisponivel,REPROVADA,ROE mediano 5a > 12%; CAGR lucro > 10%,P/L positivo e baixo; Dívida líq./EBITDA < 3,2026-05-31,2026-07-14,http://www.rad.cvm.gov.br/ENETCONSULTA/frmDownloadDocumento.aspx?CodigoInstituicao=1&NumeroSequencialDocumento=159513,CVM DFP/ITR (dados.cvm.gov.br); B3 COTAHIST; preços não ajustados
,CARAMURU ALIMENTOS S.A.,26190,Alimentos,,,,indisponivel,indisponivel,17.74,16.87,3.38,1.81,12.70,0.34,REPROVADA,Dívida líq./EBITDA < 3; CAGR receita > 10%,P/VPA < 1; P/L positivo e baixo; Liquidez >= R$5M/dia,2026-03-31,2026-05-15,http://www.rad.cvm.gov.br/ENETCONSULTA/frmDownloadDocumento.aspx?CodigoInstituicao=1&NumeroSequencialDocumento=157637,CVM DFP/ITR (dados.cvm.gov.br); B3 COTAHIST; preços não ajustados
,CBO HOLDING S.A.,23620,Emp. Adm. Part. - Petróleo e Gás,,,,indisponivel,indisponivel,10.54,4.10,2.97,11.40,8.00,2.97,REPROVADA,ROE mediano 5a > 12%; CAGR lucro > 10%,P/VPA < 1; P/L positivo e baixo; Liquidez >= R$5M/dia,2026-03-31,2026-05-14,http://www.rad.cvm.gov.br/ENETCONSULTA/frmDownloadDocumento.aspx?CodigoInstituicao=1&NumeroSequencialDocumento=157467,CVM DFP/ITR (dados.cvm.gov.br); B3 COTAHIST; preços não ajustados
,CEMIG GERACAO E TRANSMISSAO S.A.,20320,Energia Elétrica,,,,indisponivel,indisponivel,15.22,25.21,1.05,-3.44,20.17,0.91,REPROVADA,CAGR receita > 10%; Receita estável (sem queda >15%),P/VPA < 1; P/L positivo e baixo; Liquidez >= R$5M/dia,2026-03-31,2026-06-15,http://www.rad.cvm.gov.br/ENETCONSULTA/frmDownloadDocumento.aspx?CodigoInstituicao=1&NumeroSequencialDocumento=159090,CVM DFP/ITR (dados.cvm.gov.br); B3 COTAHIST; preços não ajustados
"AXIA3,AXIA7,ELET3,ELET5,ELET6",CENTRAIS ELET BRAS S.A. - ELETROBRAS,2437,Emp. Adm. Part. - Energia Elétrica,2026-07-27,,551463560.5238096,indisponivel,indisponivel,7.96,4.77,3.98,2.35,3.82,1.48,REPROVADA,ROE mediano 5a > 12%; Dívida líq./EBITDA < 3; CAGR receita > 10%; CAGR lucro > 10%,P/VPA < 1; P/L positivo e baixo,2026-03-31,2026-05-06,http://www.rad.cvm.gov.br/ENETCONSULTA/frmDownloadDocumento.aspx?CodigoInstituicao=1&NumeroSequencialDocumento=156724,CVM DFP/ITR (dados.cvm.gov.br); B3 COTAHIST; preços não ajustados
"CLSC3,CLSC4",CENTRAIS ELET DE SANTA CATARINA S.A.,2461,Energia Elétrica,2026-07-27,5196408170.0,452789.9365079365,7.14,1.25,17.94,19.40,2.70,1.21,6.68,0.53,REPROVADA,P/VPA < 1; CAGR receita > 10%; CAGR lucro > 10%; Liquidez >= R$5M/dia,,2026-03-31,2026-05-15,http://www.rad.cvm.gov.br/ENETCONSULTA/frmDownloadDocumento.aspx?CodigoInstituicao=1&NumeroSequencialDocumento=157570,CVM DFP/ITR (dados.cvm.gov.br); B3 COTAHIST; preços não ajustados
,CESP - CIA ENERGETICA DE SAO PAULO,2577,Energia Elétrica,,,,indisponivel,indisponivel,3.36,9.42,4.30,-7.07,-6.58,-2.74,REPROVADA,ROE mediano 5a > 12%; Dívida líq./EBITDA < 3; CAGR receita > 10%; CAGR lucro > 10%; Receita estável (sem queda >15%); Lucro positivo nos 5 anos,P/VPA < 1; P/L positivo e baixo; Liquidez >= R$5M/dia,2026-03-31,2026-05-06,http://www.rad.cvm.gov.br/ENETCONSULTA/frmDownloadDocumento.aspx?CodigoInstituicao=1&NumeroSequencialDocumento=156758,CVM DFP/ITR (dados.cvm.gov.br); B3 COTAHIST; preços não ajustados
,CHINA THREE GORGES BRASIL ENERGIA S.A.,27103,Energia Elétrica,,,,indisponivel,indisponivel,11.70,12.73,0.58,0.63,1.05,1.79,REPROVADA,CAGR receita > 10%; CAGR lucro > 10%,P/VPA < 1; P/L positivo e baixo; Liquidez >= R$5M/dia,2026-03-31,2026-05-14,http://www.rad.cvm.gov.br/ENETCONSULTA/frmDownloadDocumento.aspx?CodigoInstituicao=1&NumeroSequencialDocumento=157466,CVM DFP/ITR (dados.cvm.gov.br); B3 COTAHIST; preços não ajustados
PCAR3,CIA BRASILEIRA DE DISTRIBUICAO,14826,Comércio (Atacado e Varejo),2026-07-27,1344345380.0,8985025.968253968,prejuizo,2.03,-151.16,-30.34,5.60,-21.87,serie_nao_comparavel,nao_aplicavel,REPROVADA,P/VPA < 1; P/L positivo e baixo; ROE mediano 5a > 12%; Dívida líq./EBITDA < 3; CAGR receita > 10%; Receita estável (sem queda >15%); Lucro positivo nos 5 anos,CAGR lucro > 10%,2026-03-31,2026-05-14,http://www.rad.cvm.gov.br/ENETCONSULTA/frmDownloadDocumento.aspx?CodigoInstituicao=1&NumeroSequencialDocumento=157442,CVM DFP/ITR (dados.cvm.gov.br); B3 COTAHIST; preços não ajustados
"CMIG3,CMIG4",CIA ENERGETICA DE MINAS GERAIS - CEMIG,2453,Energia Elétrica,2026-07-27,37186430880.0,155822669.55555555,7.69,1.29,16.84,22.34,2.16,6.17,6.89,0.79,REPROVADA,P/VPA < 1; CAGR receita > 10%; CAGR lucro > 10%,,2026-03-31,2026-05-07,http://www.rad.cvm.gov.br/ENETCONSULTA/frmDownloadDocumento.aspx?CodigoInstituicao=1&NumeroSequencialDocumento=156907,CVM DFP/ITR (dados.cvm.gov.br); B3 COTAHIST; preços não ajustados
"FESA3,FESA4",CIA FERRO LIGAS DA BAHIA - FERBASA,3069,Metalurgia e Siderurgia,2026-07-27,2534320924.0,4892796.523809524,15.68,0.77,4.92,11.16,-2.73,-0.58,-26.43,2.08,REPROVADA,P/L positivo e baixo; ROE mediano 5a > 12%; CAGR receita > 10%; CAGR lucro > 10%; Receita estável (sem queda >15%); Liquidez >= R$5M/dia,,2026-03-31,2026-05-11,http://www.rad.cvm.gov.br/ENETCONSULTA/frmDownloadDocumento.aspx?CodigoInstituicao=1&NumeroSequencialDocumento=157057,CVM DFP/ITR (dados.cvm.gov.br); B3 COTAHIST; preços não ajustados
HBTS5,CIA HABITASUL DE PARTICIPACOES,3298,Emp. Adm. Part. - Crédito Imobiliário,2026-06-23,,14811.111111111111,indisponivel,indisponivel,12.96,12.30,2.11,-29.18,-20.83,-0.80,REPROVADA,CAGR receita > 10%; CAGR lucro > 10%; Receita estável (sem queda >15%); CFO positivo em >=4 dos 5 anos; FCF positivo em >=3 dos 5 anos; Liquidez >= R$5M/dia,P/VPA < 1; P/L positivo e baixo,2026-03-31,2026-05-20,http://www.rad.cvm.gov.br/ENETCONSULTA/frmDownloadDocumento.aspx?CodigoInstituicao=1&NumeroSequencialDocumento=157813,CVM DFP/ITR (dados.cvm.gov.br); B3 COTAHIST; preços não ajustados
"MSPA3,MSPA4",CIA MELHORAMENTOS DE SAO PAULO,3654,Papel e Celulose,2026-07-23,253840599.99999997,40671.692307692305,prejuizo,0.32,-4.47,0.29,48.78,5.28,serie_nao_comparavel,nao_aplicavel,REPROVADA,P/L positivo e baixo; ROE mediano 5a > 12%; Dívida líq./EBITDA < 3; CAGR receita > 10%; Lucro positivo nos 5 anos; CFO positivo em >=4 dos 5 anos; FCF positivo em >=3 dos 5 anos; Liquidez >= R$5M/dia,CAGR lucro > 10%,2026-03-31,2026-06-03,http://www.rad.cvm.gov.br/ENETCONSULTA/frmDownloadDocumento.aspx?CodigoInstituicao=1&NumeroSequencialDocumento=158950,CVM DFP/ITR (dados.cvm.gov.br); B3 COTAHIST; preços não ajustados
CPLE3,CIA PARANAENSE DE ENERGIA - COPEL,14311,Energia Elétrica,2026-07-27,,319357194.17460316,indisponivel,indisponivel,11.56,10.56,2.73,2.15,-14.16,0.96,REPROVADA,ROE mediano 5a > 12%; CAGR receita > 10%; CAGR lucro > 10%,P/VPA < 1; P/L positivo e baixo,2026-03-31,2026-05-05,http://www.rad.cvm.gov.br/ENETCONSULTA/frmDownloadDocumento.aspx?CodigoInstituicao=1&NumeroSequencialDocumento=156651,CVM DFP/ITR (dados.cvm.gov.br); B3 COTAHIST; preços não ajustados
"PEAB3,PEAB4",CIA PARTICIPACOES ALIANCA DA BAHIA,18708,Emp. Adm. Part. - Sem Setor Principal,2026-07-22,711830842.0,20684.25396825397,15.77,0.77,4.91,4.46,-0.53,40.62,-29.33,-0.31,REPROVADA,P/L positivo e baixo; ROE mediano 5a > 12%; CAGR lucro > 10%; CFO positivo em >=4 dos 5 anos; FCF positivo em >=3 dos 5 anos; Liquidez >= R$5M/dia,,2026-03-31,2026-05-15,http://www.rad.cvm.gov.br/ENETCONSULTA/frmDownloadDocumento.aspx?CodigoInstituicao=1&NumeroSequencialDocumento=157614,CVM DFP/ITR (dados.cvm.gov.br); B3 COTAHIST; preços não ajustados
CSMG3,CIA SANEAMENTO DE MINAS GERAIS-COPASA MG,19445,"Saneamento, Serv. Água e Gás",2026-07-27,24043867210.0,306297686.82539684,17.74,2.74,15.63,16.94,2.37,9.03,27.39,1.70,REPROVADA,P/VPA < 1; P/L positivo e baixo; CAGR receita > 10%,,2026-03-31,2026-05-08,http://www.rad.cvm.gov.br/ENETCONSULTA/frmDownloadDocumento.aspx?CodigoInstituicao=1&NumeroSequencialDocumento=157007,CVM DFP/ITR (dados.cvm.gov.br); B3 COTAHIST; preços não ajustados
,CLARO TELECOM PARTICIPAÇÕES S.A.,23531,Emp. Adm. Part. - Telecomunicações,,,,indisponivel,indisponivel,17.11,19.40,0.44,6.87,6.20,8.76,REPROVADA,CAGR receita > 10%; CAGR lucro > 10%; Lucro positivo nos 5 anos,P/VPA < 1; P/L positivo e baixo; Liquidez >= R$5M/dia,2026-06-30,2026-07-21,http://www.rad.cvm.gov.br/ENETCONSULTA/frmDownloadDocumento.aspx?CodigoInstituicao=1&NumeroSequencialDocumento=159597,CVM DFP/ITR (dados.cvm.gov.br); B3 COTAHIST; preços não ajustados
VVEO3,CM HOSPITALAR S.A,25682,Comércio (Atacado e Varejo),2026-07-27,205275400.20000002,2437463.634920635,10.18,0.11,1.06,6.33,3.19,16.78,-53.65,16.62,REPROVADA,P/L positivo e baixo; ROE mediano 5a > 12%; Dívida líq./EBITDA < 3; CAGR lucro > 10%; Lucro positivo nos 5 anos; Liquidez >= R$5M/dia,,2026-03-31,2026-05-14,http://www.rad.cvm.gov.br/ENETCONSULTA/frmDownloadDocumento.aspx?CodigoInstituicao=1&NumeroSequencialDocumento=157418,CVM DFP/ITR (dados.cvm.gov.br); B3 COTAHIST; preços não ajustados
COGN3,COGNA EDUCAÇÃO S.A.,17973,Emp. Adm. Part. - Educação,2026-07-27,4290514576.25,60709061.12698413,6.39,0.32,4.97,0.35,2.29,10.08,turnaround,2.05,REPROVADA,ROE mediano 5a > 12%; Lucro positivo nos 5 anos,CAGR lucro > 10%,2026-03-31,2026-05-06,http://www.rad.cvm.gov.br/ENETCONSULTA/frmDownloadDocumento.aspx?CodigoInstituicao=1&NumeroSequencialDocumento=156721,CVM DFP/ITR (dados.cvm.gov.br); B3 COTAHIST; preços não ajustados
CBAV3,COMPANHIA BRASILEIRA DE ALUMÍNIO,25984,Extração Mineral,2026-07-27,7109717.16,26318613.285714287,0.06,0.00,2.75,-0.69,2.63,1.07,-36.47,8.16,REPROVADA,ROE mediano 5a > 12%; CAGR receita > 10%; CAGR lucro > 10%; Receita estável (sem queda >15%); Lucro positivo nos 5 anos; FCF positivo em >=3 dos 5 anos,,2026-03-31,2026-05-06,http://www.rad.cvm.gov.br/ENETCONSULTA/frmDownloadDocumento.aspx?CodigoInstituicao=1&NumeroSequencialDocumento=156734,CVM DFP/ITR (dados.cvm.gov.br); B3 COTAHIST; preços não ajustados
"CEBR3,CEBR5,CEBR6",COMPANHIA ENERGÉTICA DE BRASÍLIA - CEB,14451,Energia Elétrica,2026-07-27,,137749.52380952382,indisponivel,indisponivel,17.94,18.61,indisponivel,10.44,-37.93,indisponivel,REPROVADA,CAGR lucro > 10%; CFO positivo em >=4 dos 5 anos; FCF positivo em >=3 dos 5 anos; Liquidez >= R$5M/dia,P/VPA < 1; P/L positivo e baixo; Dívida líq./EBITDA < 3,2026-03-31,2026-05-14,http://www.rad.cvm.gov.br/ENETCONSULTA/frmDownloadDocumento.aspx?CodigoInstituicao=1&NumeroSequencialDocumento=157402,CVM DFP/ITR (dados.cvm.gov.br); B3 COTAHIST; preços não ajustados
,COMPANHIA INDUSTRIAL CATAGUASES,3395,Têxtil e Vestuário,,,,indisponivel,indisponivel,5.76,11.91,3.89,8.89,-0.30,0.85,REPROVADA,ROE mediano 5a > 12%; Dívida líq./EBITDA < 3; CAGR receita > 10%; CAGR lucro > 10%; CFO positivo em >=4 dos 5 anos; FCF positivo em >=3 dos 5 anos,P/VPA < 1; P/L positivo e baixo; Liquidez >= R$5M/dia,2026-03-31,2026-05-15,http://www.rad.cvm.gov.br/ENETCONSULTA/frmDownloadDocumento.aspx?CodigoInstituicao=1&NumeroSequencialDocumento=157544,CVM DFP/ITR (dados.cvm.gov.br); B3 COTAHIST; preços não ajustados
"PASS3,PASS5,PASS6",COMPASS GÁS E ENERGIA S.A.,25127,"Emp. Adm. Part. - Saneamento, Serv. Água e Gás",2026-07-27,,39676367.14545455,indisponivel,indisponivel,22.36,27.24,2.64,7.72,-7.12,3.55,REPROVADA,CAGR receita > 10%; CAGR lucro > 10%,P/VPA < 1; P/L positivo e baixo,2026-03-31,2026-05-13,http://www.rad.cvm.gov.br/ENETCONSULTA/frmDownloadDocumento.aspx?CodigoInstituicao=1&NumeroSequencialDocumento=157301,CVM DFP/ITR (dados.cvm.gov.br); B3 COTAHIST; preços não ajustados
CALI3,CONSTRUTORA ADOLPHO LINDENBERG S.A.,4723,"Construção Civil, Mat. Constr. e Decoração",2026-07-07,179961600.0,10866.512195121952,4.40,0.89,21.21,29.69,1.98,49.60,37.38,0.73,REPROVADA,Receita estável (sem queda >15%); CFO positivo em >=4 dos 5 anos; Liquidez >= R$5M/dia,,2026-03-31,2026-05-06,http://www.rad.cvm.gov.br/ENETCONSULTA/frmDownloadDocumento.aspx?CodigoInstituicao=1&NumeroSequencialDocumento=156763,CVM DFP/ITR (dados.cvm.gov.br); B3 COTAHIST; preços não ajustados
TEND3,CONSTRUTORA TENDA S.A.,21148,"Construção Civil, Mat. Constr. e Decoração",2026-07-27,3774176620.0,86924285.20634921,6.25,2.78,47.20,-0.35,0.48,13.22,turnaround,0.84,REPROVADA,P/VPA < 1; P/L positivo e baixo; ROE mediano 5a > 12%; Lucro positivo nos 5 anos; CFO positivo em >=4 dos 5 anos,CAGR lucro > 10%,2026-03-31,2026-05-05,http://www.rad.cvm.gov.br/ENETCONSULTA/frmDownloadDocumento.aspx?CodigoInstituicao=1&NumeroSequencialDocumento=156664,CVM DFP/ITR (dados.cvm.gov.br); B3 COTAHIST; preços não ajustados
ATMP3,CONTAX PARTICIPAÇÕES S.A. - EM RECUPERAÇÃO JUDICIAL,19100,Emp. Adm. Part. - Comunicação e Informática,2025-06-04,33387945.0,15981.285714285714,prejuizo,0.37,-16.51,dado_insuficiente,2.03,-19.19,serie_nao_comparavel,nao_aplicavel,REPROVADA,P/L positivo e baixo; CAGR receita > 10%; Receita estável (sem queda >15%); Lucro positivo nos 5 anos; Liquidez >= R$5M/dia,ROE mediano 5a > 12%; CAGR lucro > 10%,2026-03-31,2026-05-15,http://www.rad.cvm.gov.br/ENETCONSULTA/frmDownloadDocumento.aspx?CodigoInstituicao=1&NumeroSequencialDocumento=157645,CVM DFP/ITR (dados.cvm.gov.br); B3 COTAHIST; preços não ajustados
,COPEL GERAÇÃO E TRANSMISSÃO S.A.,24740,Energia Elétrica,,,,indisponivel,indisponivel,12.13,12.73,2.38,-9.36,-9.51,1.09,REPROVADA,CAGR receita > 10%; CAGR lucro > 10%; Receita estável (sem queda >15%),P/VPA < 1; P/L positivo e baixo; Liquidez >= R$5M/dia,2026-03-31,2026-05-05,http://www.rad.cvm.gov.br/ENETCONSULTA/frmDownloadDocumento.aspx?CodigoInstituicao=1&NumeroSequencialDocumento=156652,CVM DFP/ITR (dados.cvm.gov.br); B3 COTAHIST; preços não ajustados
CSAN3,COSAN S.A.,19836,"Agricultura (Açúcar, Álcool e Cana)",2026-07-27,15479862461.900002,135528920.46031746,prejuizo,4.43,-216.36,-26.95,9.73,12.87,serie_nao_comparavel,nao_aplicavel,REPROVADA,P/VPA < 1; P/L positivo e baixo; ROE mediano 5a > 12%; Dívida líq./EBITDA < 3; Lucro positivo nos 5 anos,CAGR lucro > 10%,2026-03-31,2026-05-14,http://www.rad.cvm.gov.br/ENETCONSULTA/frmDownloadDocumento.aspx?CodigoInstituicao=1&NumeroSequencialDocumento=157416,CVM DFP/ITR (dados.cvm.gov.br); B3 COTAHIST; preços não ajustados
CPFE3,CPFL ENERGIA S.A.,18660,Emp. Adm. Part. - Energia Elétrica,2026-07-27,51563386190.0,73686968.61904761,8.95,2.12,24.64,29.51,1.93,3.14,3.67,1.14,REPROVADA,P/VPA < 1; P/L positivo e baixo; CAGR receita > 10%; CAGR lucro > 10%,,2026-03-31,2026-05-14,http://www.rad.cvm.gov.br/ENETCONSULTA/frmDownloadDocumento.aspx?CodigoInstituicao=1&NumeroSequencialDocumento=157447,CVM DFP/ITR (dados.cvm.gov.br); B3 COTAHIST; preços não ajustados
,CPFL ENERGIAS RENOVÁVEIS S.A.,20540,Emp. Adm. Part. - Energia Elétrica,,,,indisponivel,indisponivel,24.08,23.41,0.19,0.94,-7.68,2.18,REPROVADA,CAGR receita > 10%; CAGR lucro > 10%,P/VPA < 1; P/L positivo e baixo; Liquidez >= R$5M/dia,2026-03-31,2026-05-14,http://www.rad.cvm.gov.br/ENETCONSULTA/frmDownloadDocumento.aspx?CodigoInstituicao=1&NumeroSequencialDocumento=157453,CVM DFP/ITR (dados.cvm.gov.br); B3 COTAHIST; preços não ajustados
,CPFL TRANSMISSÃO S.A.,3204,Energia Elétrica,,,,indisponivel,indisponivel,8.15,31.93,3.78,14.22,38.84,-1.23,REPROVADA,Dívida líq./EBITDA < 3; CFO positivo em >=4 dos 5 anos; FCF positivo em >=3 dos 5 anos,P/VPA < 1; P/L positivo e baixo; Liquidez >= R$5M/dia,2026-03-31,2026-05-14,http://www.rad.cvm.gov.br/ENETCONSULTA/frmDownloadDocumento.aspx?CodigoInstituicao=1&NumeroSequencialDocumento=157454,CVM DFP/ITR (dados.cvm.gov.br); B3 COTAHIST; preços não ajustados
CSED3,CRUZEIRO DO SUL EDUCACIONAL S.A.,25526,Educação,2026-07-27,1472751910.08,2158109.8571428573,5.42,0.89,16.77,8.65,0.55,11.72,37.54,2.99,REPROVADA,ROE mediano 5a > 12%; Liquidez >= R$5M/dia,,2026-03-31,2026-05-12,http://www.rad.cvm.gov.br/ENETCONSULTA/frmDownloadDocumento.aspx?CodigoInstituicao=1&NumeroSequencialDocumento=157188,CVM DFP/ITR (dados.cvm.gov.br); B3 COTAHIST; preços não ajustados
25585,CSN MINERAÇÃO S.A.,25585,Extração Mineral,,,,indisponivel,indisponivel,32.40,27.77,0.04,-1.36,-28.67,1.20,REPROVADA,CAGR receita > 10%; CAGR lucro > 10%; Receita estável (sem queda >15%),P/VPA < 1; P/L positivo e baixo; Liquidez >= R$5M/dia,2026-03-31,2026-05-13,http://www.rad.cvm.gov.br/ENETCONSULTA/frmDownloadDocumento.aspx?CodigoInstituicao=1&NumeroSequencialDocumento=157332,CVM DFP/ITR (dados.cvm.gov.br); B3 COTAHIST; preços não ajustados
CURY3,CURY CONSTRUTORA E INCORPORADORA S.A.,25100,"Construção Civil, Mat. Constr. e Decoração",2026-07-27,9361566381.66,134772184.2857143,8.79,6.06,72.78,62.95,-0.28,32.76,34.31,0.72,REPROVADA,P/VPA < 1; P/L positivo e baixo,,2026-03-31,2026-05-12,http://www.rad.cvm.gov.br/ENETCONSULTA/frmDownloadDocumento.aspx?CodigoInstituicao=1&NumeroSequencialDocumento=157190,CVM DFP/ITR (dados.cvm.gov.br); B3 COTAHIST; preços não ajustados
CVCB3,CVC BRASIL OPERADORA E AGÊNCIA DE VIAGENS S.A.,23310,Hospedagem e Turismo,2026-07-27,708286079.6800001,23396116.777777776,prejuizo,1.76,-24.04,-58.49,0.48,15.87,serie_nao_comparavel,nao_aplicavel,REPROVADA,P/VPA < 1; P/L positivo e baixo; ROE mediano 5a > 12%; Lucro positivo nos 5 anos; CFO positivo em >=4 dos 5 anos; FCF positivo em >=3 dos 5 anos,CAGR lucro > 10%,2026-03-31,2026-05-13,http://www.rad.cvm.gov.br/ENETCONSULTA/frmDownloadDocumento.aspx?CodigoInstituicao=1&NumeroSequencialDocumento=157305,CVM DFP/ITR (dados.cvm.gov.br); B3 COTAHIST; preços não ajustados
"CYRE3,CYRE4",CYRELA BRAZIL REALTY S.A.EMPREEND E PART,14460,"Construção Civil, Mat. Constr. e Decoração",2026-07-27,9156987390.0,157089254.53968254,4.63,0.86,18.96,16.30,2.03,18.43,21.72,-0.18,REPROVADA,CFO positivo em >=4 dos 5 anos; FCF positivo em >=3 dos 5 anos,,2026-03-31,2026-05-14,http://www.rad.cvm.gov.br/ENETCONSULTA/frmDownloadDocumento.aspx?CodigoInstituicao=1&NumeroSequencialDocumento=157377,CVM DFP/ITR (dados.cvm.gov.br); B3 COTAHIST; preços não ajustados
DMVF3,D1000 VAREJO FARMA PARTICIPAÇÕES S.A.,25046,Comércio (Atacado e Varejo),2026-07-27,314750660.0,737751.5238095238,13.14,0.34,2.60,2.48,0.23,23.63,83.76,7.15,REPROVADA,P/L positivo e baixo; ROE mediano 5a > 12%; Liquidez >= R$5M/dia,,2026-03-31,2026-05-06,http://www.rad.cvm.gov.br/ENETCONSULTA/frmDownloadDocumento.aspx?CodigoInstituicao=1&NumeroSequencialDocumento=156775,CVM DFP/ITR (dados.cvm.gov.br); B3 COTAHIST; preços não ajustados
DESK3,DESKTOP S.A.,26026,Telecomunicações,2026-07-27,2098665713.34,7625780.920634921,34.07,1.48,4.35,6.05,1.86,36.70,29.03,6.94,REPROVADA,P/VPA < 1; P/L positivo e baixo; ROE mediano 5a > 12%; FCF positivo em >=3 dos 5 anos,,2026-03-31,2026-05-12,http://www.rad.cvm.gov.br/ENETCONSULTA/frmDownloadDocumento.aspx?CodigoInstituicao=1&NumeroSequencialDocumento=157230,CVM DFP/ITR (dados.cvm.gov.br); B3 COTAHIST; preços não ajustados
DXCO3,DEXCO S.A.,21091,"Construção Civil, Mat. Constr. e Decoração",2026-07-27,4592724180.0,10536921.841269841,534.91,0.66,0.12,7.72,2.34,0.24,-83.82,151.07,REPROVADA,P/L positivo e baixo; ROE mediano 5a > 12%; CAGR receita > 10%; CAGR lucro > 10%,,2026-03-31,2026-05-06,http://www.rad.cvm.gov.br/ENETCONSULTA/frmDownloadDocumento.aspx?CodigoInstituicao=1&NumeroSequencialDocumento=156751,CVM DFP/ITR (dados.cvm.gov.br); B3 COTAHIST; preços não ajustados
"DEXP3,DEXP4",DEXXOS PARTICIPAÇÕES S.A.,16632,Emp. Adm. Part. - Sem Setor Principal,2026-07-27,873415807.75,644502.8571428572,6.13,0.83,13.87,22.51,-0.43,4.76,-6.98,1.76,REPROVADA,CAGR receita > 10%; CAGR lucro > 10%; Receita estável (sem queda >15%); Liquidez >= R$5M/dia,,2026-03-31,2026-05-11,http://www.rad.cvm.gov.br/ENETCONSULTA/frmDownloadDocumento.aspx?CodigoInstituicao=1&NumeroSequencialDocumento=157082,CVM DFP/ITR (dados.cvm.gov.br); B3 COTAHIST; preços não ajustados
DASA3,DIAGNOSTICOS DA AMERICA S.A.,19623,Serviços Médicos,2026-07-27,3561857444.7000003,3792953.603174603,prejuizo,0.52,-15.14,-15.65,2.65,1.76,serie_nao_comparavel,nao_aplicavel,REPROVADA,P/L positivo e baixo; ROE mediano 5a > 12%; CAGR receita > 10%; Receita estável (sem queda >15%); Lucro positivo nos 5 anos; CFO positivo em >=4 dos 5 anos; FCF positivo em >=3 dos 5 anos; Liquidez >= R$5M/dia,CAGR lucro > 10%,2026-03-31,2026-05-12,http://www.rad.cvm.gov.br/ENETCONSULTA/frmDownloadDocumento.aspx?CodigoInstituicao=1&NumeroSequencialDocumento=157214,CVM DFP/ITR (dados.cvm.gov.br); B3 COTAHIST; preços não ajustados
PNVL3,DIMED S.A. DISTRIBUIDORA DE MEDICAMENTOS,9342,Comércio (Atacado e Varejo),2026-07-27,1733149852.69,9345756.349206349,13.09,1.33,10.25,8.45,2.15,14.34,11.92,3.41,REPROVADA,P/VPA < 1; P/L positivo e baixo; ROE mediano 5a > 12%,,2026-03-31,2026-05-06,http://www.rad.cvm.gov.br/ENETCONSULTA/frmDownloadDocumento.aspx?CodigoInstituicao=1&NumeroSequencialDocumento=156759,CVM DFP/ITR (dados.cvm.gov.br); B3 COTAHIST; preços não ajustados
DIRR3,DIRECIONAL ENGENHARIA S.A.,21350,"Construção Civil, Mat. Constr. e Decoração",2026-07-27,6160954194.24,96460566.66666667,7.35,2.89,41.42,26.31,0.63,25.04,49.15,0.52,REPROVADA,P/VPA < 1; P/L positivo e baixo,,2026-03-31,2026-05-11,http://www.rad.cvm.gov.br/ENETCONSULTA/frmDownloadDocumento.aspx?CodigoInstituicao=1&NumeroSequencialDocumento=157054,CVM DFP/ITR (dados.cvm.gov.br); B3 COTAHIST; preços não ajustados
DOTZ3,DOTZ S.A.,25836,Comunicação e Informática,2026-07-27,63041701.8,198034.7142857143,8.58,nao_aplicavel,nao_aplicavel,dado_insuficiente,0.73,16.92,serie_nao_comparavel,-19.35,REPROVADA,P/L positivo e baixo; Lucro positivo nos 5 anos; CFO positivo em >=4 dos 5 anos; FCF positivo em >=3 dos 5 anos; Liquidez >= R$5M/dia,P/VPA < 1; ROE mediano 5a > 12%; CAGR lucro > 10%,2026-03-31,2026-05-14,http://www.rad.cvm.gov.br/ENETCONSULTA/frmDownloadDocumento.aspx?CodigoInstituicao=1&NumeroSequencialDocumento=157461,CVM DFP/ITR (dados.cvm.gov.br); B3 COTAHIST; preços não ajustados
,ECORODOVIAS CONCESSÕES E SERVIÇOS S.A.,21903,Emp. Adm. Part. - Serviços Transporte e Logística,,,,indisponivel,indisponivel,16.80,24.06,3.89,26.05,23.19,5.56,REPROVADA,Dívida líq./EBITDA < 3; FCF positivo em >=3 dos 5 anos,P/VPA < 1; P/L positivo e baixo; Liquidez >= R$5M/dia,2026-03-31,2026-05-07,http://www.rad.cvm.gov.br/ENETCONSULTA/frmDownloadDocumento.aspx?CodigoInstituicao=1&NumeroSequencialDocumento=156860,CVM DFP/ITR (dados.cvm.gov.br); B3 COTAHIST; preços não ajustados
ECOR3,ECORODOVIAS INFRAESTRUTURA E LOGÍSTICA S.A.,19453,Serviços Transporte e Logística,2026-07-27,4959777730.0,39207605.428571425,6.80,1.21,17.79,23.06,4.06,25.45,24.62,6.66,REPROVADA,P/VPA < 1; Dívida líq./EBITDA < 3; FCF positivo em >=3 dos 5 anos,,2026-03-31,2026-05-07,http://www.rad.cvm.gov.br/ENETCONSULTA/frmDownloadDocumento.aspx?CodigoInstituicao=1&NumeroSequencialDocumento=156859,CVM DFP/ITR (dados.cvm.gov.br); B3 COTAHIST; preços não ajustados
,EDP - ENERGIAS DO BRASIL S.A.,19763,Energia Elétrica,,,,indisponivel,indisponivel,15.81,13.40,2.08,1.68,-4.48,1.41,REPROVADA,CAGR receita > 10%; CAGR lucro > 10%,P/VPA < 1; P/L positivo e baixo; Liquidez >= R$5M/dia,2026-03-31,2026-05-06,http://www.rad.cvm.gov.br/ENETCONSULTA/frmDownloadDocumento.aspx?CodigoInstituicao=1&NumeroSequencialDocumento=156765,CVM DFP/ITR (dados.cvm.gov.br); B3 COTAHIST; preços não ajustados
,ELDORADO BRASIL CELULOSE S.A.,22810,Papel e Celulose,,,,indisponivel,indisponivel,66.72,37.46,2.14,-0.73,50.82,0.60,REPROVADA,CAGR receita > 10%; Receita estável (sem queda >15%),P/VPA < 1; P/L positivo e baixo; Liquidez >= R$5M/dia,2026-03-31,2026-05-15,http://www.rad.cvm.gov.br/ENETCONSULTA/frmDownloadDocumento.aspx?CodigoInstituicao=1&NumeroSequencialDocumento=157672,CVM DFP/ITR (dados.cvm.gov.br); B3 COTAHIST; preços não ajustados
"EALT3,EALT4",ELECTRO ACO ALTONA S.A.,5380,Metalurgia e Siderurgia,2026-07-27,261090000.0,74732.46031746031,4.47,0.72,16.22,23.09,1.52,9.52,25.83,1.20,REPROVADA,CAGR receita > 10%; Liquidez >= R$5M/dia,,2026-03-31,2026-05-12,http://www.rad.cvm.gov.br/ENETCONSULTA/frmDownloadDocumento.aspx?CodigoInstituicao=1&NumeroSequencialDocumento=157209,CVM DFP/ITR (dados.cvm.gov.br); B3 COTAHIST; preços não ajustados
"EMAE3,EMAE4",EMAE - EMPRESA METROP.AGUAS ENERGIA S.A.,16993,Energia Elétrica,2026-07-27,3005951850.0,200074.20634920636,prejuizo,4.84,-23.36,6.06,nao_aplicavel,-2.56,serie_nao_comparavel,nao_aplicavel,REPROVADA,P/VPA < 1; P/L positivo e baixo; ROE mediano 5a > 12%; CAGR receita > 10%; Receita estável (sem queda >15%); Lucro positivo nos 5 anos; Liquidez >= R$5M/dia,Dívida líq./EBITDA < 3; CAGR lucro > 10%,2026-03-31,2026-05-29,http://www.rad.cvm.gov.br/ENETCONSULTA/frmDownloadDocumento.aspx?CodigoInstituicao=1&NumeroSequencialDocumento=158388,CVM DFP/ITR (dados.cvm.gov.br); B3 COTAHIST; preços não ajustados
EMBJ3,EMBRAER S.A.,20087,"Máquinas, Equipamentos, Veículos e Peças",2026-07-27,61858287700.00001,388448797.984127,36.52,3.60,9.37,8.05,0.61,16.59,turnaround,2.08,REPROVADA,P/VPA < 1; P/L positivo e baixo; ROE mediano 5a > 12%; Lucro positivo nos 5 anos,CAGR lucro > 10%,2026-03-31,2026-05-08,http://www.rad.cvm.gov.br/ENETCONSULTA/frmDownloadDocumento.aspx?CodigoInstituicao=1&NumeroSequencialDocumento=156913,CVM DFP/ITR (dados.cvm.gov.br); B3 COTAHIST; preços não ajustados
,EMCCAMP RESIDENCIAL S.A.,25909,"Construção Civil, Mat. Constr. e Decoração",,,,indisponivel,indisponivel,2.84,6.78,0.74,12.09,18.77,-7.58,REPROVADA,ROE mediano 5a > 12%; Lucro positivo nos 5 anos; CFO positivo em >=4 dos 5 anos; FCF positivo em >=3 dos 5 anos,P/VPA < 1; P/L positivo e baixo; Liquidez >= R$5M/dia,2026-03-31,2026-05-15,http://www.rad.cvm.gov.br/ENETCONSULTA/frmDownloadDocumento.aspx?CodigoInstituicao=1&NumeroSequencialDocumento=157665,CVM DFP/ITR (dados.cvm.gov.br); B3 COTAHIST; preços não ajustados
"ENGI11,ENGI3,ENGI4",ENERGISA S.A.,15253,Emp. Adm. Part. - Energia Elétrica,2026-07-27,26195056084.0,119709128.20634921,13.76,1.33,9.80,19.47,3.85,7.56,-3.85,3.36,REPROVADA,P/VPA < 1; P/L positivo e baixo; Dívida líq./EBITDA < 3; CAGR receita > 10%; CAGR lucro > 10%,,2026-03-31,2026-05-11,http://www.rad.cvm.gov.br/ENETCONSULTA/frmDownloadDocumento.aspx?CodigoInstituicao=1&NumeroSequencialDocumento=157086,CVM DFP/ITR (dados.cvm.gov.br); B3 COTAHIST; preços não ajustados
,ENERGISA TRANSMISSÃO DE ENERGIA S/A,24589,Emp. Adm. Part. - Energia Elétrica,,,,indisponivel,indisponivel,5.50,8.50,4.10,5.15,15.73,1.95,REPROVADA,ROE mediano 5a > 12%; Dívida líq./EBITDA < 3; CAGR receita > 10%; Receita estável (sem queda >15%),P/VPA < 1; P/L positivo e baixo; Liquidez >= R$5M/dia,2026-03-31,2026-05-11,http://www.rad.cvm.gov.br/ENETCONSULTA/frmDownloadDocumento.aspx?CodigoInstituicao=1&NumeroSequencialDocumento=157089,CVM DFP/ITR (dados.cvm.gov.br); B3 COTAHIST; preços não ajustados
ENEV3,ENEVA S.A,21237,Energia Elétrica,2026-07-27,48795553350.0,224514721.23809522,37.65,2.39,6.45,2.49,2.77,37.69,-0.34,4.36,REPROVADA,P/VPA < 1; P/L positivo e baixo; ROE mediano 5a > 12%; CAGR lucro > 10%,,2026-03-31,2026-05-13,http://www.rad.cvm.gov.br/ENETCONSULTA/frmDownloadDocumento.aspx?CodigoInstituicao=1&NumeroSequencialDocumento=157293,CVM DFP/ITR (dados.cvm.gov.br); B3 COTAHIST; preços não ajustados
EGIE3,ENGIE BRASIL ENERGIA S.A.,17329,Energia Elétrica,2026-07-27,34314657033.44,98333744.44444445,13.37,2.52,19.47,36.10,3.17,0.63,13.37,1.46,REPROVADA,P/VPA < 1; P/L positivo e baixo; Dívida líq./EBITDA < 3; CAGR receita > 10%,,2026-03-31,2026-05-07,http://www.rad.cvm.gov.br/ENETCONSULTA/frmDownloadDocumento.aspx?CodigoInstituicao=1&NumeroSequencialDocumento=156890,CVM DFP/ITR (dados.cvm.gov.br); B3 COTAHIST; preços não ajustados
ENJU3,ENJOEI S.A.,25259,Comércio (Atacado e Varejo),2026-07-27,159913260.0,731895.4761904762,prejuizo,0.54,-5.85,-10.98,-36.41,25.58,serie_nao_comparavel,nao_aplicavel,REPROVADA,P/L positivo e baixo; ROE mediano 5a > 12%; Lucro positivo nos 5 anos; CFO positivo em >=4 dos 5 anos; FCF positivo em >=3 dos 5 anos; Liquidez >= R$5M/dia,CAGR lucro > 10%,2026-03-31,2026-05-12,http://www.rad.cvm.gov.br/ENETCONSULTA/frmDownloadDocumento.aspx?CodigoInstituicao=1&NumeroSequencialDocumento=157215,CVM DFP/ITR (dados.cvm.gov.br); B3 COTAHIST; preços não ajustados
EQTL3,EQUATORIAL S.A.,20010,Energia Elétrica,2026-07-27,48782416935.6,313501194.96825397,31.54,1.90,6.01,10.18,4.10,21.06,-17.90,2.47,REPROVADA,P/VPA < 1; P/L positivo e baixo; ROE mediano 5a > 12%; Dívida líq./EBITDA < 3; CAGR lucro > 10%; FCF positivo em >=3 dos 5 anos,,2026-03-31,2026-05-13,http://www.rad.cvm.gov.br/ENETCONSULTA/frmDownloadDocumento.aspx?CodigoInstituicao=1&NumeroSequencialDocumento=157279,CVM DFP/ITR (dados.cvm.gov.br); B3 COTAHIST; preços não ajustados
,ESSENTIA PCHS S.A.,26158,Energia Elétrica,,,,indisponivel,indisponivel,209.02,79.90,2.41,-1.31,-12.05,1.61,REPROVADA,CAGR receita > 10%; CAGR lucro > 10%; Receita estável (sem queda >15%),P/VPA < 1; P/L positivo e baixo; Liquidez >= R$5M/dia,2026-03-31,2026-05-15,http://www.rad.cvm.gov.br/ENETCONSULTA/frmDownloadDocumento.aspx?CodigoInstituicao=1&NumeroSequencialDocumento=157553,CVM DFP/ITR (dados.cvm.gov.br); B3 COTAHIST; preços não ajustados
ETER3,ETERNIT S.A.,5762,"Construção Civil, Mat. Constr. e Decoração",2026-07-27,227295200.0,398873.4126984127,4.79,0.27,5.67,11.77,1.06,0.60,-34.70,1.43,REPROVADA,ROE mediano 5a > 12%; CAGR receita > 10%; CAGR lucro > 10%; Liquidez >= R$5M/dia,,2026-03-31,2026-05-12,http://www.rad.cvm.gov.br/ENETCONSULTA/frmDownloadDocumento.aspx?CodigoInstituicao=1&NumeroSequencialDocumento=157210,CVM DFP/ITR (dados.cvm.gov.br); B3 COTAHIST; preços não ajustados
"EUCA3,EUCA4",EUCATEX S.A. INDUSTRIA E COMERCIO,5770,"Construção Civil, Mat. Constr. e Decoração",2026-07-27,2021729690.0,2490147.873015873,4.94,0.69,14.34,12.58,0.70,6.10,-7.07,1.31,REPROVADA,CAGR receita > 10%; CAGR lucro > 10%; Liquidez >= R$5M/dia,,2026-03-31,2026-05-12,http://www.rad.cvm.gov.br/ENETCONSULTA/frmDownloadDocumento.aspx?CodigoInstituicao=1&NumeroSequencialDocumento=157204,CVM DFP/ITR (dados.cvm.gov.br); B3 COTAHIST; preços não ajustados
EVEN3,EVEN CONSTRUTORA E INCORPORADORA S.A.,20524,"Construção Civil, Mat. Constr. e Decoração",2026-07-27,975168515.58,6015817.396825396,4.51,0.51,11.36,8.39,2.45,-4.16,0.69,-0.24,REPROVADA,ROE mediano 5a > 12%; CAGR receita > 10%; CAGR lucro > 10%; Receita estável (sem queda >15%); CFO positivo em >=4 dos 5 anos; FCF positivo em >=3 dos 5 anos,,2026-03-31,2026-05-14,http://www.rad.cvm.gov.br/ENETCONSULTA/frmDownloadDocumento.aspx?CodigoInstituicao=1&NumeroSequencialDocumento=157383,CVM DFP/ITR (dados.cvm.gov.br); B3 COTAHIST; preços não ajustados
EZTC3,EZ TEC EMPREEND. E PARTICIPACOES S.A.,20770,"Emp. Adm. Part. - Const. Civil, Mat. Const. e Decoração",2026-07-27,3136808898.84,23786996.46031746,5.60,0.61,11.01,7.99,-0.01,11.84,5.61,1.21,REPROVADA,P/L positivo e baixo; ROE mediano 5a > 12%; CAGR lucro > 10%; CFO positivo em >=4 dos 5 anos; FCF positivo em >=3 dos 5 anos,,2026-03-31,2026-05-07,http://www.rad.cvm.gov.br/ENETCONSULTA/frmDownloadDocumento.aspx?CodigoInstituicao=1&NumeroSequencialDocumento=156852,CVM DFP/ITR (dados.cvm.gov.br); B3 COTAHIST; preços não ajustados
FLRY3,FLEURY S.A.,21881,Serviços Médicos,2026-07-27,8986120919.400002,33574732.603174604,14.16,1.73,12.47,11.90,1.49,20.96,15.04,3.27,REPROVADA,P/VPA < 1; ROE mediano 5a > 12%,,2026-03-31,2026-05-07,http://www.rad.cvm.gov.br/ENETCONSULTA/frmDownloadDocumento.aspx?CodigoInstituicao=1&NumeroSequencialDocumento=156837,CVM DFP/ITR (dados.cvm.gov.br); B3 COTAHIST; preços não ajustados
FRAS3,FRAS-LE S.A.,6211,"Máquinas, Equipamentos, Veículos e Peças",2026-07-27,5692451250.0,5080968.222222222,22.47,2.37,10.41,16.23,1.53,20.76,7.00,5.04,REPROVADA,P/VPA < 1; P/L positivo e baixo; CAGR lucro > 10%,,2026-03-31,2026-05-07,http://www.rad.cvm.gov.br/ENETCONSULTA/frmDownloadDocumento.aspx?CodigoInstituicao=1&NumeroSequencialDocumento=156792,CVM DFP/ITR (dados.cvm.gov.br); B3 COTAHIST; preços não ajustados
GFSA3,GAFISA S.A.,16101,"Construção Civil, Mat. Constr. e Decoração",2026-07-27,8334760.000000001,2093896.0158730159,prejuizo,0.01,-39.82,-7.93,nao_aplicavel,-6.71,serie_nao_comparavel,nao_aplicavel,REPROVADA,P/L positivo e baixo; ROE mediano 5a > 12%; CAGR receita > 10%; Receita estável (sem queda >15%); Lucro positivo nos 5 anos; CFO positivo em >=4 dos 5 anos; FCF positivo em >=3 dos 5 anos; Liquidez >= R$5M/dia,Dívida líq./EBITDA < 3; CAGR lucro > 10%,2026-03-31,2026-05-14,http://www.rad.cvm.gov.br/ENETCONSULTA/frmDownloadDocumento.aspx?CodigoInstituicao=1&NumeroSequencialDocumento=157481,CVM DFP/ITR (dados.cvm.gov.br); B3 COTAHIST; preços não ajustados
"GGBR3,GGBR4",GERDAU S.A.,3980,Metalurgia e Siderurgia,2026-07-27,45732439492.95,230932894.2222222,27.89,0.87,3.08,12.15,1.05,-2.83,-45.30,5.24,REPROVADA,P/L positivo e baixo; CAGR receita > 10%; CAGR lucro > 10%; Receita estável (sem queda >15%),,2026-03-31,2026-04-27,http://www.rad.cvm.gov.br/ENETCONSULTA/frmDownloadDocumento.aspx?CodigoInstituicao=1&NumeroSequencialDocumento=156413,CVM DFP/ITR (dados.cvm.gov.br); B3 COTAHIST; preços não ajustados
GGPS3,GPS PARTICIPAÇÕES E EMPREENDIMENTOS S.A.,25712,Emp. Adm. Part. - Sem Setor Principal,2026-07-27,8757359668.68,46521561.253968254,13.26,2.12,16.37,20.98,1.27,27.14,14.38,1.12,REPROVADA,P/VPA < 1; P/L positivo e baixo,,2026-03-31,2026-05-07,http://www.rad.cvm.gov.br/ENETCONSULTA/frmDownloadDocumento.aspx?CodigoInstituicao=1&NumeroSequencialDocumento=156893,CVM DFP/ITR (dados.cvm.gov.br); B3 COTAHIST; preços não ajustados
"CGRA3,CGRA4",GRAZZIOTIN S.A.,4537,Comércio (Atacado e Varejo),2026-07-27,,130164.25396825396,indisponivel,indisponivel,9.61,11.27,-1.31,4.96,-16.76,1.75,REPROVADA,ROE mediano 5a > 12%; CAGR receita > 10%; CAGR lucro > 10%; Liquidez >= R$5M/dia,P/VPA < 1; P/L positivo e baixo,2026-03-31,2026-05-15,http://www.rad.cvm.gov.br/ENETCONSULTA/frmDownloadDocumento.aspx?CodigoInstituicao=1&NumeroSequencialDocumento=157588,CVM DFP/ITR (dados.cvm.gov.br); B3 COTAHIST; preços não ajustados
GRND3,GRENDENE S.A.,19615,Têxtil e Vestuário,2026-07-27,3355834320.0,11996400.634920634,5.30,1.06,20.03,16.04,-1.55,2.49,1.77,0.76,REPROVADA,P/VPA < 1; P/L positivo e baixo; CAGR receita > 10%; CAGR lucro > 10%,,2026-03-31,2026-05-07,http://www.rad.cvm.gov.br/ENETCONSULTA/frmDownloadDocumento.aspx?CodigoInstituicao=1&NumeroSequencialDocumento=156853,CVM DFP/ITR (dados.cvm.gov.br); B3 COTAHIST; preços não ajustados
BHIA3,GRUPO CASAS BAHIA S.A.,6505,Comércio (Atacado e Varejo),2026-07-27,769996530.0,7548206.682539683,prejuizo,0.43,-160.11,-47.66,2.49,-1.41,serie_nao_comparavel,nao_aplicavel,REPROVADA,P/L positivo e baixo; ROE mediano 5a > 12%; CAGR receita > 10%; Lucro positivo nos 5 anos,CAGR lucro > 10%,2026-03-31,2026-05-13,http://www.rad.cvm.gov.br/ENETCONSULTA/frmDownloadDocumento.aspx?CodigoInstituicao=1&NumeroSequencialDocumento=157336,CVM DFP/ITR (dados.cvm.gov.br); B3 COTAHIST; preços não ajustados
,GRUPO MULTI S.A.,26034,Comunicação e Informática,,,,indisponivel,indisponivel,5.97,-4.14,-0.75,-5.14,-37.02,2.61,REPROVADA,ROE mediano 5a > 12%; CAGR receita > 10%; CAGR lucro > 10%; Receita estável (sem queda >15%); Lucro positivo nos 5 anos; CFO positivo em >=4 dos 5 anos,P/VPA < 1; P/L positivo e baixo; Liquidez >= R$5M/dia,2026-03-31,2026-05-13,http://www.rad.cvm.gov.br/ENETCONSULTA/frmDownloadDocumento.aspx?CodigoInstituicao=1&NumeroSequencialDocumento=157313,CVM DFP/ITR (dados.cvm.gov.br); B3 COTAHIST; preços não ajustados
SBFG3,GRUPO SBF S.A.,24694,Comércio (Atacado e Varejo),2026-07-27,2066891238.72,22477501.888888888,6.18,0.67,10.89,9.83,2.66,10.92,-9.90,0.82,REPROVADA,ROE mediano 5a > 12%; CAGR lucro > 10%,,2026-03-31,2026-05-11,http://www.rad.cvm.gov.br/ENETCONSULTA/frmDownloadDocumento.aspx?CodigoInstituicao=1&NumeroSequencialDocumento=157060,CVM DFP/ITR (dados.cvm.gov.br); B3 COTAHIST; preços não ajustados
TOKY3,GRUPO TOKY S.A.,25461,Comércio (Atacado e Varejo),2026-07-27,95385840.0,135347.50793650793,prejuizo,246.93,-42.44,-20.02,0.00,18.97,serie_nao_comparavel,nao_aplicavel,REPROVADA,P/VPA < 1; P/L positivo e baixo; ROE mediano 5a > 12%; Lucro positivo nos 5 anos; CFO positivo em >=4 dos 5 anos; FCF positivo em >=3 dos 5 anos; Liquidez >= R$5M/dia,CAGR lucro > 10%,2026-03-31,2026-06-01,http://www.rad.cvm.gov.br/ENETCONSULTA/frmDownloadDocumento.aspx?CodigoInstituicao=1&NumeroSequencialDocumento=158838,CVM DFP/ITR (dados.cvm.gov.br); B3 COTAHIST; preços não ajustados
"GUAR3,RIAA3",GUARARAPES CONFECCOES S.A.,4669,Têxtil e Vestuário,2026-07-27,3972582860.4,23995040.904761903,2.64,0.75,28.24,2.71,0.35,9.80,34.32,0.53,REPROVADA,ROE mediano 5a > 12%; CAGR receita > 10%; Lucro positivo nos 5 anos,,2026-03-31,2026-05-06,http://www.rad.cvm.gov.br/ENETCONSULTA/frmDownloadDocumento.aspx?CodigoInstituicao=1&NumeroSequencialDocumento=156772,CVM DFP/ITR (dados.cvm.gov.br); B3 COTAHIST; preços não ajustados
HAPV3,HAPVIDA PARTICIPAÇÕES E INVESTIMENTOS S.A.,24392,Serviços Médicos,2026-07-27,4840862816.41,82912954.96825397,prejuizo,0.10,-0.89,-1.44,1.73,33.70,serie_nao_comparavel,nao_aplicavel,REPROVADA,P/L positivo e baixo; ROE mediano 5a > 12%; Lucro positivo nos 5 anos,CAGR lucro > 10%,2026-03-31,2026-05-11,http://www.rad.cvm.gov.br/ENETCONSULTA/frmDownloadDocumento.aspx?CodigoInstituicao=1&NumeroSequencialDocumento=157076,CVM DFP/ITR (dados.cvm.gov.br); B3 COTAHIST; preços não ajustados
HBRE3,HBR REALTY EMPREENDIMENTOS IMOBILIÁRIOS S.A.,25402,"Construção Civil, Mat. Constr. e Decoração",2026-07-27,218288784.96,1100539.380952381,7.28,0.12,1.65,2.81,3.70,56.89,-35.22,15.83,REPROVADA,P/L positivo e baixo; ROE mediano 5a > 12%; Dívida líq./EBITDA < 3; CAGR lucro > 10%; CFO positivo em >=4 dos 5 anos; Liquidez >= R$5M/dia,,2026-03-31,2026-05-07,http://www.rad.cvm.gov.br/ENETCONSULTA/frmDownloadDocumento.aspx?CodigoInstituicao=1&NumeroSequencialDocumento=156835,CVM DFP/ITR (dados.cvm.gov.br); B3 COTAHIST; preços não ajustados
HBOR3,HELBOR EMPREENDIMENTOS S.A.,20877,"Construção Civil, Mat. Constr. e Decoração",2026-07-27,245483900.0,2476772.412698413,43.69,0.17,0.39,3.72,11.48,4.45,-42.21,1.74,REPROVADA,P/L positivo e baixo; ROE mediano 5a > 12%; Dívida líq./EBITDA < 3; CAGR receita > 10%; CAGR lucro > 10%; Liquidez >= R$5M/dia,,2026-03-31,2026-05-14,http://www.rad.cvm.gov.br/ENETCONSULTA/frmDownloadDocumento.aspx?CodigoInstituicao=1&NumeroSequencialDocumento=157412,CVM DFP/ITR (dados.cvm.gov.br); B3 COTAHIST; preços não ajustados
HBSA3,HIDROVIAS DO BRASIL S.A.,22675,Serviços Transporte e Logística,2026-07-27,4421241500.0,7470041.80952381,prejuizo,2.20,-9.51,-4.85,3.06,19.06,serie_nao_comparavel,nao_aplicavel,REPROVADA,P/VPA < 1; P/L positivo e baixo; ROE mediano 5a > 12%; Dívida líq./EBITDA < 3; Receita estável (sem queda >15%); Lucro positivo nos 5 anos,CAGR lucro > 10%,2026-03-31,2026-05-04,http://www.rad.cvm.gov.br/ENETCONSULTA/frmDownloadDocumento.aspx?CodigoInstituicao=1&NumeroSequencialDocumento=156579,CVM DFP/ITR (dados.cvm.gov.br); B3 COTAHIST; preços não ajustados
MATD3,HOSPITAL MATER DEI S.A.,25690,Serviços Médicos,2026-07-27,1646161628.0,1051865.7936507936,13.30,1.10,8.35,6.83,1.59,20.72,-6.55,1.40,REPROVADA,P/VPA < 1; ROE mediano 5a > 12%; CAGR lucro > 10%; Lucro positivo nos 5 anos; FCF positivo em >=3 dos 5 anos; Liquidez >= R$5M/dia,,2026-03-31,2026-05-06,http://www.rad.cvm.gov.br/ENETCONSULTA/frmDownloadDocumento.aspx?CodigoInstituicao=1&NumeroSequencialDocumento=156764,CVM DFP/ITR (dados.cvm.gov.br); B3 COTAHIST; preços não ajustados
HYPE3,HYPERA S.A.,21431,Farmacêutico e Higiene,2026-07-27,14815751467.14,73083246.1904762,8.80,1.05,12.63,13.12,2.22,6.71,-2.64,1.50,REPROVADA,P/VPA < 1; CAGR receita > 10%; CAGR lucro > 10%,,2026-03-31,2026-04-28,http://www.rad.cvm.gov.br/ENETCONSULTA/frmDownloadDocumento.aspx?CodigoInstituicao=1&NumeroSequencialDocumento=156447,CVM DFP/ITR (dados.cvm.gov.br); B3 COTAHIST; preços não ajustados
IGTA3,IGUATEMI EMPRESA DE SHOPPING CENTERS S.A,20494,Comércio (Atacado e Varejo),,,,indisponivel,indisponivel,17.91,9.54,0.92,8.53,13.60,0.43,REPROVADA,ROE mediano 5a > 12%; CAGR receita > 10%; Lucro positivo nos 5 anos; FCF positivo em >=3 dos 5 anos,P/VPA < 1; P/L positivo e baixo; Liquidez >= R$5M/dia,2026-03-31,2026-05-05,http://www.rad.cvm.gov.br/ENETCONSULTA/frmDownloadDocumento.aspx?CodigoInstituicao=1&NumeroSequencialDocumento=156647,CVM DFP/ITR (dados.cvm.gov.br); B3 COTAHIST; preços não ajustados
"IGTI11,IGTI3,IGTI4",IGUATEMI S.A.,8672,Emp. Adm. Part. - Comércio (Atacado e Varejo),2026-07-27,7122063353.74,53355250.428571425,9.99,1.46,14.97,8.39,1.35,14.73,24.94,0.89,REPROVADA,P/VPA < 1; ROE mediano 5a > 12%; FCF positivo em >=3 dos 5 anos,,2026-03-31,2026-05-05,http://www.rad.cvm.gov.br/ENETCONSULTA/frmDownloadDocumento.aspx?CodigoInstituicao=1&NumeroSequencialDocumento=156646,CVM DFP/ITR (dados.cvm.gov.br); B3 COTAHIST; preços não ajustados
INNC3,INC EMPREENDIMENTOS IMOBILIÁRIOS S.A.,24279,"Construção Civil, Mat. Constr. e Decoração",,,,indisponivel,indisponivel,31.12,31.73,5.71,6.26,49.02,-0.07,REPROVADA,Dívida líq./EBITDA < 3; CAGR receita > 10%; CFO positivo em >=4 dos 5 anos; FCF positivo em >=3 dos 5 anos,P/VPA < 1; P/L positivo e baixo; Liquidez >= R$5M/dia,2026-06-30,2026-07-22,http://www.rad.cvm.gov.br/ENETCONSULTA/frmDownloadDocumento.aspx?CodigoInstituicao=1&NumeroSequencialDocumento=159633,CVM DFP/ITR (dados.cvm.gov.br); B3 COTAHIST; preços não ajustados
IFCM3,INFRACOMMERCE CXAAS S.A.,25747,Comércio (Atacado e Varejo),2026-07-27,193675387.04,139768.46031746033,prejuizo,1.27,-205.34,-125.62,nao_aplicavel,13.85,serie_nao_comparavel,nao_aplicavel,REPROVADA,P/VPA < 1; P/L positivo e baixo; ROE mediano 5a > 12%; Receita estável (sem queda >15%); Lucro positivo nos 5 anos; CFO positivo em >=4 dos 5 anos; FCF positivo em >=3 dos 5 anos; Liquidez >= R$5M/dia,Dívida líq./EBITDA < 3; CAGR lucro > 10%,2026-03-31,2026-05-15,http://www.rad.cvm.gov.br/ENETCONSULTA/frmDownloadDocumento.aspx?CodigoInstituicao=1&NumeroSequencialDocumento=157674,CVM DFP/ITR (dados.cvm.gov.br); B3 COTAHIST; preços não ajustados
INTB3,INTELBRAS S.A. IND. DE TELECOMUNICAÇÃO ELETRÔNICA BRASILEIRA,25453,Comércio (Atacado e Varejo),2026-07-27,4436982651.6,25074871.34920635,7.72,1.41,18.74,20.81,-0.55,9.64,7.28,2.15,REPROVADA,P/VPA < 1; CAGR receita > 10%; CAGR lucro > 10%,,2026-03-31,2026-05-06,http://www.rad.cvm.gov.br/ENETCONSULTA/frmDownloadDocumento.aspx?CodigoInstituicao=1&NumeroSequencialDocumento=156710,CVM DFP/ITR (dados.cvm.gov.br); B3 COTAHIST; preços não ajustados
MEAL3,INTERNATIONAL MEAL COMPANY ALIMENTACAO S.A.,23574,Alimentos,2026-07-27,,247726.66666666666,indisponivel,indisponivel,-22.64,-7.50,0.82,-1.70,serie_nao_comparavel,nao_aplicavel,REPROVADA,ROE mediano 5a > 12%; CAGR receita > 10%; Receita estável (sem queda >15%); Lucro positivo nos 5 anos; FCF positivo em >=3 dos 5 anos; Liquidez >= R$5M/dia,P/VPA < 1; P/L positivo e baixo; CAGR lucro > 10%,2026-03-31,2026-05-14,http://www.rad.cvm.gov.br/ENETCONSULTA/frmDownloadDocumento.aspx?CodigoInstituicao=1&NumeroSequencialDocumento=157470,CVM DFP/ITR (dados.cvm.gov.br); B3 COTAHIST; preços não ajustados
MYPK3,IOCHPE MAXION S.A.,11932,"Máquinas, Equipamentos, Veículos e Peças",2026-07-27,1395856400.0,8444516.126984127,15.27,0.34,2.17,4.32,2.57,2.93,-34.58,7.44,REPROVADA,P/L positivo e baixo; ROE mediano 5a > 12%; CAGR receita > 10%; CAGR lucro > 10%,,2026-03-31,2026-04-29,http://www.rad.cvm.gov.br/ENETCONSULTA/frmDownloadDocumento.aspx?CodigoInstituicao=1&NumeroSequencialDocumento=156479,CVM DFP/ITR (dados.cvm.gov.br); B3 COTAHIST; preços não ajustados
RANI3,IRANI PAPEL E EMBALAGEM S.A.,2429,Embalagens,2026-07-27,1827872930.0,5313442.444444444,9.01,1.24,13.87,27.45,1.78,1.23,-4.03,2.47,REPROVADA,P/VPA < 1; CAGR receita > 10%; CAGR lucro > 10%,,2026-03-31,2026-04-30,http://www.rad.cvm.gov.br/ENETCONSULTA/frmDownloadDocumento.aspx?CodigoInstituicao=1&NumeroSequencialDocumento=156499,CVM DFP/ITR (dados.cvm.gov.br); B3 COTAHIST; preços não ajustados
"ISAE3,ISAE4",ISA ENERGIA BRASIL,18376,Energia Elétrica,2026-07-27,18948655907.64,83892735.49206349,8.08,0.88,11.01,15.86,3.63,14.20,-5.10,-0.60,REPROVADA,Dívida líq./EBITDA < 3; CAGR lucro > 10%; CFO positivo em >=4 dos 5 anos,,2026-03-31,2026-05-04,http://www.rad.cvm.gov.br/ENETCONSULTA/frmDownloadDocumento.aspx?CodigoInstituicao=1&NumeroSequencialDocumento=156575,CVM DFP/ITR (dados.cvm.gov.br); B3 COTAHIST; preços não ajustados
"ITSA3,ITSA4",ITAÚSA S.A.,7617,Emp. Adm. Part. - Intermediação Financeira,2026-07-27,153896753520.0,394705251.3492063,9.06,1.71,18.98,17.85,nao_aplicavel,0.24,7.82,0.03,REPROVADA,P/VPA < 1; CAGR receita > 10%; CAGR lucro > 10%,Dívida líq./EBITDA < 3; CFO positivo em >=4 dos 5 anos; FCF positivo em >=3 dos 5 anos,2026-03-31,2026-05-11,http://www.rad.cvm.gov.br/ENETCONSULTA/frmDownloadDocumento.aspx?CodigoInstituicao=1&NumeroSequencialDocumento=157117,CVM DFP/ITR (dados.cvm.gov.br); B3 COTAHIST; preços não ajustados
JALL3,JALLES MACHADO S.A.,25496,"Agricultura (Açúcar, Álcool e Cana)",2026-07-27,603095328.0,2833837.3333333335,indisponivel,0.29,indisponivel,17.49,indisponivel,21.14,serie_nao_comparavel,indisponivel,REPROVADA,Lucro positivo nos 5 anos; Liquidez >= R$5M/dia,P/L positivo e baixo; Dívida líq./EBITDA < 3; CAGR lucro > 10%,2025-12-31,2026-02-12,http://www.rad.cvm.gov.br/ENETCONSULTA/frmDownloadDocumento.aspx?CodigoInstituicao=1&NumeroSequencialDocumento=154743,CVM DFP/ITR (dados.cvm.gov.br); B3 COTAHIST; preços não ajustados
JBSS3,JBS S.A.,20575,Alimentos,2025-06-06,86573081921.1,583362338.7301587,9.44,2.16,21.04,23.30,2.78,8.20,-13.67,1.63,REPROVADA,P/VPA < 1; P/L positivo e baixo; CAGR receita > 10%; CAGR lucro > 10%; Lucro positivo nos 5 anos,,2026-03-31,2026-05-12,http://www.rad.cvm.gov.br/ENETCONSULTA/frmDownloadDocumento.aspx?CodigoInstituicao=1&NumeroSequencialDocumento=157186,CVM DFP/ITR (dados.cvm.gov.br); B3 COTAHIST; preços não ajustados
JHSF3,JHSF PARTICIPACOES S.A.,20605,"Emp. Adm. Part. - Const. Civil, Mat. Const. e Decoração",2026-07-27,7349055208.12,54241219.50793651,3.84,1.04,27.76,14.97,0.40,14.74,17.21,1.84,REPROVADA,P/VPA < 1; Receita estável (sem queda >15%); FCF positivo em >=3 dos 5 anos,,2026-03-31,2026-05-08,http://www.rad.cvm.gov.br/ENETCONSULTA/frmDownloadDocumento.aspx?CodigoInstituicao=1&NumeroSequencialDocumento=156915,CVM DFP/ITR (dados.cvm.gov.br); B3 COTAHIST; preços não ajustados
"JOPA3,JOPA4",JOSAPAR-JOAQUIM OLIVEIRA S.A. - PARTICIP,13285,Emp. Adm. Part. - Alimentos,2026-07-22,195701500.0,13581.3125,15.06,0.32,2.12,3.39,4.21,-2.60,-21.16,18.19,REPROVADA,P/L positivo e baixo; ROE mediano 5a > 12%; Dívida líq./EBITDA < 3; CAGR receita > 10%; CAGR lucro > 10%; Receita estável (sem queda >15%); CFO positivo em >=4 dos 5 anos; Liquidez >= R$5M/dia,,2026-03-31,2026-05-15,http://www.rad.cvm.gov.br/ENETCONSULTA/frmDownloadDocumento.aspx?CodigoInstituicao=1&NumeroSequencialDocumento=157526,CVM DFP/ITR (dados.cvm.gov.br); B3 COTAHIST; preços não ajustados
JSLG3,JSL S.A.,22020,Serviços Transporte e Logística,2026-07-27,1586651178.52,4761472.253968254,prejuizo,1.36,-7.64,13.11,3.65,22.39,-25.89,nao_aplicavel,REPROVADA,P/VPA < 1; P/L positivo e baixo; Dívida líq./EBITDA < 3; CAGR lucro > 10%; CFO positivo em >=4 dos 5 anos; FCF positivo em >=3 dos 5 anos; Liquidez >= R$5M/dia,,2026-03-31,2026-05-05,http://www.rad.cvm.gov.br/ENETCONSULTA/frmDownloadDocumento.aspx?CodigoInstituicao=1&NumeroSequencialDocumento=156668,CVM DFP/ITR (dados.cvm.gov.br); B3 COTAHIST; preços não ajustados
"CTKA3,CTKA4",KARSTEN S.A.,4146,Têxtil e Vestuário,2026-07-27,230168240.0,46202.42857142857,3.74,2.87,78.84,dado_insuficiente,3.27,8.40,5.25,0.88,REPROVADA,P/VPA < 1; Dívida líq./EBITDA < 3; CAGR receita > 10%; CAGR lucro > 10%; Lucro positivo nos 5 anos; Liquidez >= R$5M/dia,ROE mediano 5a > 12%,2026-03-31,2026-05-14,http://www.rad.cvm.gov.br/ENETCONSULTA/frmDownloadDocumento.aspx?CodigoInstituicao=1&NumeroSequencialDocumento=157349,CVM DFP/ITR (dados.cvm.gov.br); B3 COTAHIST; preços não ajustados
KEPL3,KEPLER WEBER S.A.,7870,Emp. Adm. Part. - Metalurgia e Siderurgia,2026-07-27,1109324800.0,6681092.19047619,7.50,1.40,18.88,32.79,-0.19,5.00,0.26,1.55,REPROVADA,P/VPA < 1; CAGR receita > 10%; CAGR lucro > 10%; Receita estável (sem queda >15%),,2026-03-31,2026-05-08,http://www.rad.cvm.gov.br/ENETCONSULTA/frmDownloadDocumento.aspx?CodigoInstituicao=1&NumeroSequencialDocumento=156972,CVM DFP/ITR (dados.cvm.gov.br); B3 COTAHIST; preços não ajustados
KLBN11,KLABIN S.A.,12653,Papel e Celulose,2026-07-27,,87815456.96825397,indisponivel,indisponivel,8.82,24.29,4.37,5.86,-13.66,7.76,REPROVADA,Dívida líq./EBITDA < 3; CAGR receita > 10%; CAGR lucro > 10%,P/VPA < 1; P/L positivo e baixo,2026-03-31,2026-05-06,http://www.rad.cvm.gov.br/ENETCONSULTA/frmDownloadDocumento.aspx?CodigoInstituicao=1&NumeroSequencialDocumento=156675,CVM DFP/ITR (dados.cvm.gov.br); B3 COTAHIST; preços não ajustados
LAVV3,LAVVI EMPREENDIMENTOS IMOBILIÁRIOS S.A.,25062,"Construção Civil, Mat. Constr. e Decoração",2026-07-27,2007110795.04,6569260.412698412,5.05,1.47,27.72,21.88,1.03,30.40,23.55,-0.31,REPROVADA,P/VPA < 1; P/L positivo e baixo; CFO positivo em >=4 dos 5 anos; FCF positivo em >=3 dos 5 anos,,2026-03-31,2026-05-06,http://www.rad.cvm.gov.br/ENETCONSULTA/frmDownloadDocumento.aspx?CodigoInstituicao=1&NumeroSequencialDocumento=156744,CVM DFP/ITR (dados.cvm.gov.br); B3 COTAHIST; preços não ajustados
LMED,LIFEMED INDUSTRIAL DE EQUIP. E ART. MEDICOS E HOSP. S.A,24872,"Máquinas, Equipamentos, Veículos e Peças",,,,indisponivel,indisponivel,2.98,-8.37,2.19,-24.39,-77.55,14.21,REPROVADA,ROE mediano 5a > 12%; CAGR receita > 10%; CAGR lucro > 10%; Receita estável (sem queda >15%); Lucro positivo nos 5 anos,P/VPA < 1; P/L positivo e baixo; Liquidez >= R$5M/dia,2026-03-31,2026-05-15,http://www.rad.cvm.gov.br/ENETCONSULTA/frmDownloadDocumento.aspx?CodigoInstituicao=1&NumeroSequencialDocumento=157509,CVM DFP/ITR (dados.cvm.gov.br); B3 COTAHIST; preços não ajustados
,LIGHT ENERGIA S.A.,23000,Energia Elétrica,,,,indisponivel,indisponivel,12.88,23.20,1.54,-5.78,13.11,0.54,REPROVADA,CAGR receita > 10%; Receita estável (sem queda >15%),P/VPA < 1; P/L positivo e baixo; Liquidez >= R$5M/dia,2026-03-31,2026-05-14,http://www.rad.cvm.gov.br/ENETCONSULTA/frmDownloadDocumento.aspx?CodigoInstituicao=1&NumeroSequencialDocumento=157465,CVM DFP/ITR (dados.cvm.gov.br); B3 COTAHIST; preços não ajustados
LIGT3,LIGHT S.A. - EM RECUPERAÇÃO JUDICIAL,19879,Emp. Adm. Part. - Energia Elétrica,2026-07-27,1158647057.6399999,10777565.063492063,0.44,0.14,37.98,6.29,4.89,0.16,-14.46,-0.22,REPROVADA,ROE mediano 5a > 12%; Dívida líq./EBITDA < 3; CAGR receita > 10%; CAGR lucro > 10%; Lucro positivo nos 5 anos; FCF positivo em >=3 dos 5 anos,,2026-03-31,2026-05-14,http://www.rad.cvm.gov.br/ENETCONSULTA/frmDownloadDocumento.aspx?CodigoInstituicao=1&NumeroSequencialDocumento=157462,CVM DFP/ITR (dados.cvm.gov.br); B3 COTAHIST; preços não ajustados
,LM TRANSPORTES INTERESTADUAIS SERVIÇOS E COMÉRCIO S.A.,24880,Emp. Adm. Part. - Serviços Transporte e Logística,,,,indisponivel,indisponivel,1.03,7.62,4.52,60.85,-17.74,9.28,REPROVADA,ROE mediano 5a > 12%; Dívida líq./EBITDA < 3; CAGR lucro > 10%; CFO positivo em >=4 dos 5 anos; FCF positivo em >=3 dos 5 anos,P/VPA < 1; P/L positivo e baixo; Liquidez >= R$5M/dia,2026-03-31,2026-05-13,http://www.rad.cvm.gov.br/ENETCONSULTA/frmDownloadDocumento.aspx?CodigoInstituicao=1&NumeroSequencialDocumento=157295,CVM DFP/ITR (dados.cvm.gov.br); B3 COTAHIST; preços não ajustados
,LOCALIZA FLEET S.A.,24813,Serviços Transporte e Logística,,,,indisponivel,indisponivel,23.50,24.63,1.87,49.75,17.20,0.96,REPROVADA,CFO positivo em >=4 dos 5 anos; FCF positivo em >=3 dos 5 anos,P/VPA < 1; P/L positivo e baixo; Liquidez >= R$5M/dia,2026-03-31,2026-05-13,http://www.rad.cvm.gov.br/ENETCONSULTA/frmDownloadDocumento.aspx?CodigoInstituicao=1&NumeroSequencialDocumento=157303,CVM DFP/ITR (dados.cvm.gov.br); B3 COTAHIST; preços não ajustados
"RENT3,RENT4",LOCALIZA RENT A CAR S.A.,19739,Serviços Transporte e Logística,2026-07-27,41259154032.6,368128509.06349206,18.30,1.57,8.70,7.55,2.24,39.92,-2.12,1.48,REPROVADA,P/VPA < 1; P/L positivo e baixo; ROE mediano 5a > 12%; CAGR lucro > 10%; CFO positivo em >=4 dos 5 anos; FCF positivo em >=3 dos 5 anos,,2026-03-31,2026-05-07,http://www.rad.cvm.gov.br/ENETCONSULTA/frmDownloadDocumento.aspx?CodigoInstituicao=1&NumeroSequencialDocumento=156896,CVM DFP/ITR (dados.cvm.gov.br); B3 COTAHIST; preços não ajustados
LOGG3,LOG COMMERCIAL PROPERTIES E PARTICIPAÇÕES,23272,"Construção Civil, Mat. Constr. e Decoração",2026-07-27,2278295500.0,16771977.57142857,5.66,0.61,10.95,9.62,3.25,13.60,-0.99,0.04,REPROVADA,P/L positivo e baixo; ROE mediano 5a > 12%; Dívida líq./EBITDA < 3; CAGR lucro > 10%; FCF positivo em >=3 dos 5 anos,,2026-03-31,2026-05-04,http://www.rad.cvm.gov.br/ENETCONSULTA/frmDownloadDocumento.aspx?CodigoInstituicao=1&NumeroSequencialDocumento=156564,CVM DFP/ITR (dados.cvm.gov.br); B3 COTAHIST; preços não ajustados
LOGN3,LOG-IN LOGISTICA INTERMODAL S.A.,20710,Serviços Transporte e Logística,2026-07-27,2954542834.9,485622.92063492065,101.45,2.81,2.72,7.86,1.88,21.86,-1.01,7.60,REPROVADA,P/VPA < 1; P/L positivo e baixo; ROE mediano 5a > 12%; CAGR lucro > 10%; Liquidez >= R$5M/dia,,2026-03-31,2026-05-13,http://www.rad.cvm.gov.br/ENETCONSULTA/frmDownloadDocumento.aspx?CodigoInstituicao=1&NumeroSequencialDocumento=157275,CVM DFP/ITR (dados.cvm.gov.br); B3 COTAHIST; preços não ajustados
LJQQ3,LOJAS QUERO QUERO S.A.,25038,Comércio (Atacado e Varejo),2026-07-27,244162060.0,4188761.8412698414,prejuizo,0.71,-51.46,-1.72,-1.47,8.21,serie_nao_comparavel,nao_aplicavel,REPROVADA,P/L positivo e baixo; ROE mediano 5a > 12%; CAGR receita > 10%; Lucro positivo nos 5 anos; Liquidez >= R$5M/dia,CAGR lucro > 10%,2026-03-31,2026-05-07,http://www.rad.cvm.gov.br/ENETCONSULTA/frmDownloadDocumento.aspx?CodigoInstituicao=1&NumeroSequencialDocumento=156841,CVM DFP/ITR (dados.cvm.gov.br); B3 COTAHIST; preços não ajustados
LREN3,LOJAS RENNER S.A.,8133,Comércio (Atacado e Varejo),2026-07-27,13404914790.0,211776000.7936508,8.97,1.29,14.35,12.24,-0.47,10.62,23.18,2.04,REPROVADA,P/VPA < 1; P/L positivo e baixo,,2026-03-31,2026-05-07,http://www.rad.cvm.gov.br/ENETCONSULTA/frmDownloadDocumento.aspx?CodigoInstituicao=1&NumeroSequencialDocumento=156873,CVM DFP/ITR (dados.cvm.gov.br); B3 COTAHIST; preços não ajustados
LPSB3,LPS BRASIL - CONSULTORIA DE IMOVEIS S.A.,20370,"Emp. Adm. Part. - Const. Civil, Mat. Const. e Decoração",2026-07-27,204559120.0,221173.9841269841,4.97,0.86,17.36,10.09,-1.05,-2.26,0.23,1.44,REPROVADA,ROE mediano 5a > 12%; CAGR receita > 10%; CAGR lucro > 10%; Liquidez >= R$5M/dia,,2026-03-31,2026-05-07,http://www.rad.cvm.gov.br/ENETCONSULTA/frmDownloadDocumento.aspx?CodigoInstituicao=1&NumeroSequencialDocumento=156876,CVM DFP/ITR (dados.cvm.gov.br); B3 COTAHIST; preços não ajustados
LUPA3,LUPATECH S.A,20060,"Máquinas, Equipamentos, Veículos e Peças",2026-07-27,30756766.95,47574.619047619046,prejuizo,2.29,-243.22,4.50,nao_aplicavel,-13.63,serie_nao_comparavel,nao_aplicavel,REPROVADA,P/VPA < 1; P/L positivo e baixo; ROE mediano 5a > 12%; CAGR receita > 10%; Receita estável (sem queda >15%); Lucro positivo nos 5 anos; CFO positivo em >=4 dos 5 anos; FCF positivo em >=3 dos 5 anos; Liquidez >= R$5M/dia,Dívida líq./EBITDA < 3; CAGR lucro > 10%,2026-03-31,2026-05-15,http://www.rad.cvm.gov.br/ENETCONSULTA/frmDownloadDocumento.aspx?CodigoInstituicao=1&NumeroSequencialDocumento=157644,CVM DFP/ITR (dados.cvm.gov.br); B3 COTAHIST; preços não ajustados
,LUPO S.A.,26506,Comércio (Atacado e Varejo),,,,indisponivel,indisponivel,13.56,14.68,-1.01,4.60,-12.22,1.00,REPROVADA,CAGR receita > 10%; CAGR lucro > 10%,P/VPA < 1; P/L positivo e baixo; Liquidez >= R$5M/dia,2026-03-31,2026-05-12,http://www.rad.cvm.gov.br/ENETCONSULTA/frmDownloadDocumento.aspx?CodigoInstituicao=1&NumeroSequencialDocumento=157202,CVM DFP/ITR (dados.cvm.gov.br); B3 COTAHIST; preços não ajustados
LWSA3,LWSA S/A,24910,Comunicação e Informática,2026-07-27,2017883847.3600001,13583906.507936507,prejuizo,0.86,-9.09,-0.75,nao_aplicavel,16.79,serie_nao_comparavel,nao_aplicavel,REPROVADA,P/L positivo e baixo; ROE mediano 5a > 12%; Lucro positivo nos 5 anos,Dívida líq./EBITDA < 3; CAGR lucro > 10%,2026-03-31,2026-05-07,http://www.rad.cvm.gov.br/ENETCONSULTA/frmDownloadDocumento.aspx?CodigoInstituicao=1&NumeroSequencialDocumento=156891,CVM DFP/ITR (dados.cvm.gov.br); B3 COTAHIST; preços não ajustados
MDIA3,M.DIAS BRANCO S.A. IND COM DE ALIMENTOS,20338,Alimentos,2026-07-27,5768591951.599999,10893389.206349207,8.28,0.69,8.39,8.20,-0.46,7.51,6.91,1.90,REPROVADA,ROE mediano 5a > 12%; CAGR receita > 10%; CAGR lucro > 10%,,2026-03-31,2026-05-07,http://www.rad.cvm.gov.br/ENETCONSULTA/frmDownloadDocumento.aspx?CodigoInstituicao=1&NumeroSequencialDocumento=156889,CVM DFP/ITR (dados.cvm.gov.br); B3 COTAHIST; preços não ajustados
MGLU3,MAGAZINE LUIZA S.A.,22470,Comércio (Atacado e Varejo),2026-07-27,3742672066.35,112213788.3968254,27.40,0.33,1.21,-1.37,1.10,2.34,-23.28,113.52,REPROVADA,P/L positivo e baixo; ROE mediano 5a > 12%; CAGR receita > 10%; CAGR lucro > 10%; Lucro positivo nos 5 anos,,2026-03-31,2026-05-07,http://www.rad.cvm.gov.br/ENETCONSULTA/frmDownloadDocumento.aspx?CodigoInstituicao=1&NumeroSequencialDocumento=156880,CVM DFP/ITR (dados.cvm.gov.br); B3 COTAHIST; preços não ajustados
LEVE3,MAHLE METAL LEVE S.A.,8575,"Máquinas, Equipamentos, Veículos e Peças",2026-07-27,4242370700.0,7809266.936507937,6.39,3.96,68.74,62.21,0.94,10.59,1.79,1.12,REPROVADA,P/VPA < 1; CAGR lucro > 10%,,2026-03-31,2026-05-06,http://www.rad.cvm.gov.br/ENETCONSULTA/frmDownloadDocumento.aspx?CodigoInstituicao=1&NumeroSequencialDocumento=156703,CVM DFP/ITR (dados.cvm.gov.br); B3 COTAHIST; preços não ajustados
"MGEL3,MGEL4",MANGELS INDUSTRIAL S.A.,8397,Emp. Adm. Part. - Metalurgia e Siderurgia,2026-07-22,,41796.71428571428,indisponivel,indisponivel,87.36,dado_insuficiente,4.93,5.36,-24.70,3.45,REPROVADA,Dívida líq./EBITDA < 3; CAGR receita > 10%; CAGR lucro > 10%; Lucro positivo nos 5 anos; Liquidez >= R$5M/dia,P/VPA < 1; P/L positivo e baixo; ROE mediano 5a > 12%,2026-03-31,2026-05-13,http://www.rad.cvm.gov.br/ENETCONSULTA/frmDownloadDocumento.aspx?CodigoInstituicao=1&NumeroSequencialDocumento=157307,CVM DFP/ITR (dados.cvm.gov.br); B3 COTAHIST; preços não ajustados
ADR,MARFRIG GLOBAL FOODS S.A.,20788,Alimentos,,,,indisponivel,indisponivel,3.36,29.27,3.84,17.72,-46.41,30.32,REPROVADA,Dívida líq./EBITDA < 3; CAGR lucro > 10%; Lucro positivo nos 5 anos,P/VPA < 1; P/L positivo e baixo; Liquidez >= R$5M/dia,2026-03-31,2026-05-14,http://www.rad.cvm.gov.br/ENETCONSULTA/frmDownloadDocumento.aspx?CodigoInstituicao=1&NumeroSequencialDocumento=157396,CVM DFP/ITR (dados.cvm.gov.br); B3 COTAHIST; preços não ajustados
MELK3,MELNICK DESENVOLVIMENTO IMOBILIÁRIO S.A.,25119,"Emp. Adm. Part. - Const. Civil, Mat. Const. e Decoração",2026-07-27,585088164.28,1480054.603174603,4.73,0.54,11.55,7.88,3.66,9.69,7.81,-1.92,REPROVADA,ROE mediano 5a > 12%; Dívida líq./EBITDA < 3; CAGR receita > 10%; CAGR lucro > 10%; CFO positivo em >=4 dos 5 anos; FCF positivo em >=3 dos 5 anos; Liquidez >= R$5M/dia,,2026-03-31,2026-05-13,http://www.rad.cvm.gov.br/ENETCONSULTA/frmDownloadDocumento.aspx?CodigoInstituicao=1&NumeroSequencialDocumento=157316,CVM DFP/ITR (dados.cvm.gov.br); B3 COTAHIST; preços não ajustados
FRIO3,METALFRIO SOLUTIONS S.A.,20613,"Máquinas, Equipamentos, Veículos e Peças",2026-05-29,1308387285.0,326809.25396825396,22.15,3.35,15.18,dado_insuficiente,2.40,4.10,turnaround,2.13,REPROVADA,P/VPA < 1; P/L positivo e baixo; CAGR receita > 10%; Lucro positivo nos 5 anos; Liquidez >= R$5M/dia,ROE mediano 5a > 12%; CAGR lucro > 10%,2026-03-31,2026-05-15,http://www.rad.cvm.gov.br/ENETCONSULTA/frmDownloadDocumento.aspx?CodigoInstituicao=1&NumeroSequencialDocumento=157594,CVM DFP/ITR (dados.cvm.gov.br); B3 COTAHIST; preços não ajustados
"GOAU3,GOAU4",METALURGICA GERDAU S.A.,8656,Emp. Adm. Part. - Metalurgia e Siderurgia,2026-07-27,13664569124.08,85237321.50793651,23.76,0.72,3.02,11.91,1.05,-2.83,-44.61,14.93,REPROVADA,P/L positivo e baixo; ROE mediano 5a > 12%; CAGR receita > 10%; CAGR lucro > 10%; Receita estável (sem queda >15%),,2026-03-31,2026-04-27,http://www.rad.cvm.gov.br/ENETCONSULTA/frmDownloadDocumento.aspx?CodigoInstituicao=1&NumeroSequencialDocumento=156412,CVM DFP/ITR (dados.cvm.gov.br); B3 COTAHIST; preços não ajustados
"RSUL3,RSUL4",METALURGICA RIOSULENSE S.A.,13439,"Máquinas, Equipamentos, Veículos e Peças",2026-07-27,,288769.3650793651,indisponivel,indisponivel,22.36,30.12,-0.28,6.81,-7.70,0.71,REPROVADA,CAGR receita > 10%; CAGR lucro > 10%; Liquidez >= R$5M/dia,P/VPA < 1; P/L positivo e baixo,2026-03-31,2026-05-14,http://www.rad.cvm.gov.br/ENETCONSULTA/frmDownloadDocumento.aspx?CodigoInstituicao=1&NumeroSequencialDocumento=157352,CVM DFP/ITR (dados.cvm.gov.br); B3 COTAHIST; preços não ajustados
"MTSA3,MTSA4",METISA METALURGICA TIMBOENSE S.A.,8753,Metalurgia e Siderurgia,2026-07-27,518347200.0,264199.1746031746,13.34,1.12,8.46,15.00,-3.45,-2.18,-6.48,1.53,REPROVADA,P/VPA < 1; P/L positivo e baixo; CAGR receita > 10%; CAGR lucro > 10%; Receita estável (sem queda >15%); Liquidez >= R$5M/dia,,2026-03-31,2026-05-14,http://www.rad.cvm.gov.br/ENETCONSULTA/frmDownloadDocumento.aspx?CodigoInstituicao=1&NumeroSequencialDocumento=157353,CVM DFP/ITR (dados.cvm.gov.br); B3 COTAHIST; preços não ajustados
MILS3,"MILLS LOCAÇÃO, SERVIÇOS E LOGÍSTICA S.A.",22012,Serviços Transporte e Logística,2026-07-27,3506708460.0,15720432.253968254,8.15,1.97,25.65,19.77,1.22,25.62,30.89,1.00,REPROVADA,P/VPA < 1; CFO positivo em >=4 dos 5 anos,,2026-03-31,2026-05-06,http://www.rad.cvm.gov.br/ENETCONSULTA/frmDownloadDocumento.aspx?CodigoInstituicao=1&NumeroSequencialDocumento=156762,CVM DFP/ITR (dados.cvm.gov.br); B3 COTAHIST; preços não ajustados
BEEF3,MINERVA S.A.,20931,Alimentos,2026-07-27,3416525497.9,54564450.52380952,4.80,2.71,55.38,dado_insuficiente,2.76,19.41,7.86,6.08,REPROVADA,P/VPA < 1; CAGR lucro > 10%; Lucro positivo nos 5 anos,ROE mediano 5a > 12%,2026-03-31,2026-05-06,http://www.rad.cvm.gov.br/ENETCONSULTA/frmDownloadDocumento.aspx?CodigoInstituicao=1&NumeroSequencialDocumento=156739,CVM DFP/ITR (dados.cvm.gov.br); B3 COTAHIST; preços não ajustados
MNPR3,MINUPAR PARTICIPACOES S.A.,13765,Emp. Adm. Part. - Alimentos,2026-07-27,280453950.0,57184.380952380954,0.55,1.40,261.55,dado_insuficiente,-0.66,8.09,97.19,0.30,REPROVADA,P/VPA < 1; CAGR receita > 10%; Liquidez >= R$5M/dia,ROE mediano 5a > 12%,2026-03-31,2026-05-15,http://www.rad.cvm.gov.br/ENETCONSULTA/frmDownloadDocumento.aspx?CodigoInstituicao=1&NumeroSequencialDocumento=157627,CVM DFP/ITR (dados.cvm.gov.br); B3 COTAHIST; preços não ajustados
MTRE3,MITRE REALTY EMPREENDIMENTOS E PARTICIPAÇÕES S.A.,24902,"Construção Civil, Mat. Constr. e Decoração",2026-07-27,314151215.40000004,2328307.634920635,5.16,0.31,6.02,5.16,4.41,16.43,21.93,2.49,REPROVADA,P/L positivo e baixo; ROE mediano 5a > 12%; Dívida líq./EBITDA < 3; CFO positivo em >=4 dos 5 anos; FCF positivo em >=3 dos 5 anos; Liquidez >= R$5M/dia,,2026-03-31,2026-05-12,http://www.rad.cvm.gov.br/ENETCONSULTA/frmDownloadDocumento.aspx?CodigoInstituicao=1&NumeroSequencialDocumento=157226,CVM DFP/ITR (dados.cvm.gov.br); B3 COTAHIST; preços não ajustados
MOTV3,MOTIVA INFRAESTRUTURA DE MOBILIDADE S.A.,18821,Emp. Adm. Part. - Serviços Transporte e Logística,2026-07-27,29379619436.55,123025673.20634921,8.74,1.80,20.93,18.28,3.61,11.39,47.35,1.66,REPROVADA,P/VPA < 1; Dívida líq./EBITDA < 3,,2026-03-31,2026-04-29,http://www.rad.cvm.gov.br/ENETCONSULTA/frmDownloadDocumento.aspx?CodigoInstituicao=1&NumeroSequencialDocumento=156484,CVM DFP/ITR (dados.cvm.gov.br); B3 COTAHIST; preços não ajustados
MDNE3,MOURA DUBEUX ENGENHARIA S/A,21067,"Construção Civil, Mat. Constr. e Decoração",2026-07-27,2621610504.7999997,33342752.38095238,5.18,1.24,27.87,14.90,0.16,39.65,50.04,-0.30,REPROVADA,P/VPA < 1; P/L positivo e baixo; CFO positivo em >=4 dos 5 anos; FCF positivo em >=3 dos 5 anos,,2026-03-31,2026-05-06,http://www.rad.cvm.gov.br/ENETCONSULTA/frmDownloadDocumento.aspx?CodigoInstituicao=1&NumeroSequencialDocumento=156702,CVM DFP/ITR (dados.cvm.gov.br); B3 COTAHIST; preços não ajustados
MOVI3,MOVIDA PARTICIPACOES SA,23825,Serviços Transporte e Logística,2026-07-27,2788217569.5,50750809.984126985,7.65,0.91,12.10,10.45,3.11,28.79,-21.05,1.01,REPROVADA,ROE mediano 5a > 12%; Dívida líq./EBITDA < 3; CAGR lucro > 10%; Lucro positivo nos 5 anos; CFO positivo em >=4 dos 5 anos; FCF positivo em >=3 dos 5 anos,,2026-03-31,2026-05-04,http://www.rad.cvm.gov.br/ENETCONSULTA/frmDownloadDocumento.aspx?CodigoInstituicao=1&NumeroSequencialDocumento=156573,CVM DFP/ITR (dados.cvm.gov.br); B3 COTAHIST; preços não ajustados
ESPA3,MPM CORPÓREOS S.A.,25445,Serviços Médicos,2026-07-27,2923221712.8,773623.8095238095,183.50,3.36,1.84,-1.18,2.35,11.22,-45.71,8.50,REPROVADA,P/VPA < 1; P/L positivo e baixo; ROE mediano 5a > 12%; CAGR lucro > 10%; Lucro positivo nos 5 anos; Liquidez >= R$5M/dia,,2026-03-31,2026-05-06,http://www.rad.cvm.gov.br/ENETCONSULTA/frmDownloadDocumento.aspx?CodigoInstituicao=1&NumeroSequencialDocumento=156747,CVM DFP/ITR (dados.cvm.gov.br); B3 COTAHIST; preços não ajustados
MRVE3,MRV ENGENHARIA E PARTICIPACOES S.A.,20915,"Construção Civil, Mat. Constr. e Decoração",2026-07-27,2628439450.0,53605181.50793651,prejuizo,0.50,-14.44,-5.30,8.29,11.30,serie_nao_comparavel,nao_aplicavel,REPROVADA,P/L positivo e baixo; ROE mediano 5a > 12%; Dívida líq./EBITDA < 3; Lucro positivo nos 5 anos; CFO positivo em >=4 dos 5 anos; FCF positivo em >=3 dos 5 anos,CAGR lucro > 10%,2026-03-31,2026-05-11,http://www.rad.cvm.gov.br/ENETCONSULTA/frmDownloadDocumento.aspx?CodigoInstituicao=1&NumeroSequencialDocumento=157066,CVM DFP/ITR (dados.cvm.gov.br); B3 COTAHIST; preços não ajustados
MULT3,MULTIPLAN - EMPREEND IMOBILIARIOS S.A.,20982,"Emp. Adm. Part. - Const. Civil, Mat. Const. e Decoração",2026-07-27,14006047567.68,93202316.3015873,11.45,2.16,19.15,17.10,2.12,20.75,25.98,1.24,REPROVADA,P/VPA < 1; P/L positivo e baixo,,2026-03-31,2026-04-29,http://www.rad.cvm.gov.br/ENETCONSULTA/frmDownloadDocumento.aspx?CodigoInstituicao=1&NumeroSequencialDocumento=156473,CVM DFP/ITR (dados.cvm.gov.br); B3 COTAHIST; preços não ajustados
MNDL3,MUNDIAL S.A. - PRODUTOS DE CONSUMO,5312,Têxtil e Vestuário,2026-07-27,170093288.39999998,28697.650793650795,prejuizo,1.47,-29.88,dado_insuficiente,3.12,10.19,serie_nao_comparavel,nao_aplicavel,REPROVADA,P/VPA < 1; P/L positivo e baixo; Dívida líq./EBITDA < 3; Lucro positivo nos 5 anos; CFO positivo em >=4 dos 5 anos; FCF positivo em >=3 dos 5 anos; Liquidez >= R$5M/dia,ROE mediano 5a > 12%; CAGR lucro > 10%,2026-03-31,2026-05-15,http://www.rad.cvm.gov.br/ENETCONSULTA/frmDownloadDocumento.aspx?CodigoInstituicao=1&NumeroSequencialDocumento=157606,CVM DFP/ITR (dados.cvm.gov.br); B3 COTAHIST; preços não ajustados
CASH3,MÉLIUZ S.A.,25232,Comunicação e Informática,2026-07-27,490269000.01,6254731.952380952,prejuizo,1.09,-14.72,-1.90,nao_aplicavel,14.96,serie_nao_comparavel,nao_aplicavel,REPROVADA,P/VPA < 1; P/L positivo e baixo; ROE mediano 5a > 12%; Lucro positivo nos 5 anos; CFO positivo em >=4 dos 5 anos; FCF positivo em >=3 dos 5 anos,Dívida líq./EBITDA < 3; CAGR lucro > 10%,2026-03-31,2026-05-14,http://www.rad.cvm.gov.br/ENETCONSULTA/frmDownloadDocumento.aspx?CodigoInstituicao=1&NumeroSequencialDocumento=157446,CVM DFP/ITR (dados.cvm.gov.br); B3 COTAHIST; preços não ajustados
NATU3,NATURA COSMÉTICOS S.A.,19550,Farmacêutico e Higiene,2026-07-27,11666796690.0,117419675.58730158,prejuizo,0.94,-18.29,4.99,2.10,1.29,serie_nao_comparavel,nao_aplicavel,REPROVADA,P/L positivo e baixo; ROE mediano 5a > 12%; CAGR receita > 10%; Receita estável (sem queda >15%); Lucro positivo nos 5 anos; CFO positivo em >=4 dos 5 anos; FCF positivo em >=3 dos 5 anos,CAGR lucro > 10%,2026-03-31,2026-05-11,http://www.rad.cvm.gov.br/ENETCONSULTA/frmDownloadDocumento.aspx?CodigoInstituicao=1&NumeroSequencialDocumento=157078,CVM DFP/ITR (dados.cvm.gov.br); B3 COTAHIST; preços não ajustados
NEOE3,NEOENERGIA S.A.,15539,Emp. Adm. Part. - Energia Elétrica,2026-05-04,41080884634.399994,67582020.8888889,8.96,1.09,12.36,15.16,3.43,5.08,6.40,0.28,REPROVADA,P/VPA < 1; P/L positivo e baixo; Dívida líq./EBITDA < 3; CAGR receita > 10%; CAGR lucro > 10%,,2026-06-30,2026-07-21,http://www.rad.cvm.gov.br/ENETCONSULTA/frmDownloadDocumento.aspx?CodigoInstituicao=1&NumeroSequencialDocumento=159600,CVM DFP/ITR (dados.cvm.gov.br); B3 COTAHIST; preços não ajustados
NUTR3,NUTRIPLANT INDUSTRIA E COMERCIO S.A.,21334,"Agricultura (Açúcar, Álcool e Cana)",2026-07-27,30039818.0,13106.857142857143,4.13,0.60,14.48,18.47,1.67,13.90,-5.28,-0.98,REPROVADA,CAGR lucro > 10%; CFO positivo em >=4 dos 5 anos; FCF positivo em >=3 dos 5 anos; Liquidez >= R$5M/dia,,2026-03-31,2026-05-12,http://www.rad.cvm.gov.br/ENETCONSULTA/frmDownloadDocumento.aspx?CodigoInstituicao=1&NumeroSequencialDocumento=157124,CVM DFP/ITR (dados.cvm.gov.br); B3 COTAHIST; preços não ajustados
OPCT3,OCEANPACT SERVIÇOS MARITIMOS S.A.,25534,Petróleo e Gás,2026-07-27,2103179435.5500002,6041184.888888889,17.30,2.10,12.05,3.85,2.23,24.71,turnaround,3.77,REPROVADA,P/VPA < 1; P/L positivo e baixo; ROE mediano 5a > 12%; Lucro positivo nos 5 anos,CAGR lucro > 10%,2026-03-31,2026-05-12,http://www.rad.cvm.gov.br/ENETCONSULTA/frmDownloadDocumento.aspx?CodigoInstituicao=1&NumeroSequencialDocumento=157145,CVM DFP/ITR (dados.cvm.gov.br); B3 COTAHIST; preços não ajustados
"ODPV3,SAUD3",ODONTOPREV S.A.,20125,Serviços Médicos,2026-07-27,8160044994.42,69280567.74603175,14.44,5.70,41.63,40.51,-0.65,7.06,11.25,0.95,REPROVADA,P/VPA < 1; P/L positivo e baixo; CAGR receita > 10%,,2026-03-31,2026-05-04,http://www.rad.cvm.gov.br/ENETCONSULTA/frmDownloadDocumento.aspx?CodigoInstituicao=1&NumeroSequencialDocumento=156557,CVM DFP/ITR (dados.cvm.gov.br); B3 COTAHIST; preços não ajustados
ONCO3,ONCOCLÍNICAS DO BRASIL SERVIÇOS MÉDICOS S.A.,26123,Serviços Médicos,2026-07-27,682103458.51,11204826.015873017,prejuizo,1.28,-535.66,-10.70,nao_aplicavel,20.72,serie_nao_comparavel,nao_aplicavel,REPROVADA,P/VPA < 1; P/L positivo e baixo; ROE mediano 5a > 12%; Lucro positivo nos 5 anos; CFO positivo em >=4 dos 5 anos; FCF positivo em >=3 dos 5 anos,Dívida líq./EBITDA < 3; CAGR lucro > 10%,2026-03-31,2026-05-14,http://www.rad.cvm.gov.br/ENETCONSULTA/frmDownloadDocumento.aspx?CodigoInstituicao=1&NumeroSequencialDocumento=157422,CVM DFP/ITR (dados.cvm.gov.br); B3 COTAHIST; preços não ajustados
ORVR3,ORIZON VALORIZAÇÃO DE RESÍDUOS S.A.,25550,"Saneamento, Serv. Água e Gás",2026-07-27,6877886850.0,54139693.06349207,80.68,4.71,5.87,5.90,2.56,24.62,turnaround,3.22,REPROVADA,P/VPA < 1; P/L positivo e baixo; ROE mediano 5a > 12%; Lucro positivo nos 5 anos; FCF positivo em >=3 dos 5 anos,CAGR lucro > 10%,2026-03-31,2026-05-14,http://www.rad.cvm.gov.br/ENETCONSULTA/frmDownloadDocumento.aspx?CodigoInstituicao=1&NumeroSequencialDocumento=157485,CVM DFP/ITR (dados.cvm.gov.br); B3 COTAHIST; preços não ajustados
OFSA3,OUROFINO S.A.,23507,Comércio (Atacado e Varejo),2026-07-27,1451187685.9399998,439118.7619047619,6.01,1.78,29.95,18.78,0.37,7.86,18.18,0.73,REPROVADA,P/VPA < 1; CAGR receita > 10%; Lucro positivo nos 5 anos; Liquidez >= R$5M/dia,,2026-03-31,2026-05-07,http://www.rad.cvm.gov.br/ENETCONSULTA/frmDownloadDocumento.aspx?CodigoInstituicao=1&NumeroSequencialDocumento=156832,CVM DFP/ITR (dados.cvm.gov.br); B3 COTAHIST; preços não ajustados
PDTC3,PADTEC HOLDING S.A.,18414,Emp. Adm. Part. - Telecomunicações,2026-07-27,,72513.26984126984,indisponivel,indisponivel,10.92,6.40,17.82,-82.93,-87.15,1.63,REPROVADA,ROE mediano 5a > 12%; Dívida líq./EBITDA < 3; CAGR receita > 10%; CAGR lucro > 10%; Receita estável (sem queda >15%); Lucro positivo nos 5 anos; CFO positivo em >=4 dos 5 anos; Liquidez >= R$5M/dia,P/VPA < 1; P/L positivo e baixo,2026-03-31,2026-05-06,http://www.rad.cvm.gov.br/ENETCONSULTA/frmDownloadDocumento.aspx?CodigoInstituicao=1&NumeroSequencialDocumento=156770,CVM DFP/ITR (dados.cvm.gov.br); B3 COTAHIST; preços não ajustados
"PATI3,PATI4",PANATLANTICA S.A.,94,Metalurgia e Siderurgia,2026-07-20,722487040.0,30780.68253968254,14.82,0.95,6.50,6.59,-0.09,-7.80,-35.79,4.36,REPROVADA,P/L positivo e baixo; ROE mediano 5a > 12%; CAGR receita > 10%; CAGR lucro > 10%; Receita estável (sem queda >15%); Liquidez >= R$5M/dia,,2026-03-31,2026-05-15,http://www.rad.cvm.gov.br/ENETCONSULTA/frmDownloadDocumento.aspx?CodigoInstituicao=1&NumeroSequencialDocumento=157561,CVM DFP/ITR (dados.cvm.gov.br); B3 COTAHIST; preços não ajustados
,PATRIMAR ENGENHARIA S.A.,25305,"Construção Civil, Mat. Constr. e Decoração",,,,indisponivel,indisponivel,5.94,8.36,7.48,13.48,-23.22,-7.90,REPROVADA,ROE mediano 5a > 12%; Dívida líq./EBITDA < 3; CAGR lucro > 10%; CFO positivo em >=4 dos 5 anos; FCF positivo em >=3 dos 5 anos,P/VPA < 1; P/L positivo e baixo; Liquidez >= R$5M/dia,2026-03-31,2026-05-15,http://www.rad.cvm.gov.br/ENETCONSULTA/frmDownloadDocumento.aspx?CodigoInstituicao=1&NumeroSequencialDocumento=157649,CVM DFP/ITR (dados.cvm.gov.br); B3 COTAHIST; preços não ajustados
PTBL3,PBG S/A,13773,"Construção Civil, Mat. Constr. e Decoração",2026-07-27,242497640.0,604444.0,prejuizo,nao_aplicavel,nao_aplicavel,-17.60,3.47,8.05,serie_nao_comparavel,nao_aplicavel,REPROVADA,P/L positivo e baixo; ROE mediano 5a > 12%; Dívida líq./EBITDA < 3; CAGR receita > 10%; Lucro positivo nos 5 anos; Liquidez >= R$5M/dia,P/VPA < 1; CAGR lucro > 10%,2026-03-31,2026-05-15,http://www.rad.cvm.gov.br/ENETCONSULTA/frmDownloadDocumento.aspx?CodigoInstituicao=1&NumeroSequencialDocumento=157648,CVM DFP/ITR (dados.cvm.gov.br); B3 COTAHIST; preços não ajustados
"PETR3,PETR4",PETROLEO BRASILEIRO S.A. PETROBRAS,9512,Petróleo e Gás,2026-07-27,566075776693.8899,1722999984.2539682,5.26,1.27,24.99,30.86,1.42,2.39,0.80,1.81,REPROVADA,P/VPA < 1; CAGR receita > 10%; CAGR lucro > 10%; Receita estável (sem queda >15%),,2026-03-31,2026-05-11,http://www.rad.cvm.gov.br/ENETCONSULTA/frmDownloadDocumento.aspx?CodigoInstituicao=1&NumeroSequencialDocumento=157120,CVM DFP/ITR (dados.cvm.gov.br); B3 COTAHIST; preços não ajustados
"PTNT3,PTNT4",PETTENATI S.A. INDUSTRIA TEXTIL,9539,Têxtil e Vestuário,2026-05-27,407113794.08000004,228118.4126984127,indisponivel,0.93,indisponivel,12.22,indisponivel,3.03,-5.42,indisponivel,REPROVADA,CAGR receita > 10%; CAGR lucro > 10%; Liquidez >= R$5M/dia,P/L positivo e baixo; Dívida líq./EBITDA < 3,2026-03-31,2026-05-14,http://www.rad.cvm.gov.br/ENETCONSULTA/frmDownloadDocumento.aspx?CodigoInstituicao=1&NumeroSequencialDocumento=157459,CVM DFP/ITR (dados.cvm.gov.br); B3 COTAHIST; preços não ajustados
POSI3,POSITIVO TECNOLOGIA S.A.,20362,Comunicação e Informática,2026-07-27,490022720.0,3662494.222222222,49.84,0.31,0.63,10.76,1.88,-0.08,-54.43,44.82,REPROVADA,P/L positivo e baixo; ROE mediano 5a > 12%; CAGR receita > 10%; CAGR lucro > 10%; Receita estável (sem queda >15%); CFO positivo em >=4 dos 5 anos; Liquidez >= R$5M/dia,,2026-03-31,2026-05-13,http://www.rad.cvm.gov.br/ENETCONSULTA/frmDownloadDocumento.aspx?CodigoInstituicao=1&NumeroSequencialDocumento=157277,CVM DFP/ITR (dados.cvm.gov.br); B3 COTAHIST; preços não ajustados
PRNR3,PRINER SERVIÇOS INDUSTRIAIS S.A.,24236,"Construção Civil, Mat. Constr. e Decoração",2026-07-27,1078828798.1399999,8080969.317460317,25.00,1.99,8.43,4.91,2.23,37.84,serie_nao_comparavel,3.91,REPROVADA,P/VPA < 1; P/L positivo e baixo; ROE mediano 5a > 12%; Lucro positivo nos 5 anos,CAGR lucro > 10%,2026-03-31,2026-05-14,http://www.rad.cvm.gov.br/ENETCONSULTA/frmDownloadDocumento.aspx?CodigoInstituicao=1&NumeroSequencialDocumento=157436,CVM DFP/ITR (dados.cvm.gov.br); B3 COTAHIST; preços não ajustados
PRIO3,PRIO S.A.,22187,Petróleo e Gás,2026-07-27,44984638711.26,530533708.25396824,17.37,1.69,9.88,42.55,2.66,37.22,14.00,3.83,REPROVADA,P/VPA < 1; P/L positivo e baixo,,2026-03-31,2026-05-05,http://www.rad.cvm.gov.br/ENETCONSULTA/frmDownloadDocumento.aspx?CodigoInstituicao=1&NumeroSequencialDocumento=156641,CVM DFP/ITR (dados.cvm.gov.br); B3 COTAHIST; preços não ajustados
PFRM3,PROFARMA DISTRIB PROD FARMACEUTICOS S.A.,20346,Comércio (Atacado e Varejo),2026-07-27,760188200.0,1219927.507936508,7.21,0.57,7.85,8.04,1.34,15.59,11.05,4.68,REPROVADA,ROE mediano 5a > 12%; Liquidez >= R$5M/dia,,2026-03-31,2026-05-06,http://www.rad.cvm.gov.br/ENETCONSULTA/frmDownloadDocumento.aspx?CodigoInstituicao=1&NumeroSequencialDocumento=156776,CVM DFP/ITR (dados.cvm.gov.br); B3 COTAHIST; preços não ajustados
QUAL3,QUALICORP CONSULTORIA E CORRETORA DE SEGUROS S.A.,22497,Seguradoras e Corretoras,2026-07-27,395685764.82,5962210.666666667,25.98,0.30,1.17,0.67,nao_aplicavel,-9.17,-58.68,15.72,REPROVADA,P/L positivo e baixo; ROE mediano 5a > 12%; CAGR receita > 10%; CAGR lucro > 10%; Lucro positivo nos 5 anos,Dívida líq./EBITDA < 3; CFO positivo em >=4 dos 5 anos; FCF positivo em >=3 dos 5 anos,2026-03-31,2026-05-13,http://www.rad.cvm.gov.br/ENETCONSULTA/frmDownloadDocumento.aspx?CodigoInstituicao=1&NumeroSequencialDocumento=157310,CVM DFP/ITR (dados.cvm.gov.br); B3 COTAHIST; preços não ajustados
QUSW3,QUALITY SOFTWARE S.A.,23302,Emp. Adm. Part. - Comunicação e Informática,,,,indisponivel,indisponivel,17.21,24.49,1.50,-17.98,24.56,0.54,REPROVADA,CAGR receita > 10%; Receita estável (sem queda >15%); FCF positivo em >=3 dos 5 anos,P/VPA < 1; P/L positivo e baixo; Liquidez >= R$5M/dia,2026-03-31,2026-05-15,http://www.rad.cvm.gov.br/ENETCONSULTA/frmDownloadDocumento.aspx?CodigoInstituicao=1&NumeroSequencialDocumento=157634,CVM DFP/ITR (dados.cvm.gov.br); B3 COTAHIST; preços não ajustados
RADL3,RAIA DROGASIL S.A.,5258,Comércio (Atacado e Varejo),2026-07-27,31770903426.290005,201920263.6190476,24.59,4.33,17.62,19.11,0.65,16.37,14.60,2.07,REPROVADA,P/VPA < 1; P/L positivo e baixo,,2026-03-31,2026-05-05,http://www.rad.cvm.gov.br/ENETCONSULTA/frmDownloadDocumento.aspx?CodigoInstituicao=1&NumeroSequencialDocumento=156671,CVM DFP/ITR (dados.cvm.gov.br); B3 COTAHIST; preços não ajustados
"RAPT3,RAPT4",RANDONCORP S.A.,14109,"Máquinas, Equipamentos, Veículos e Peças",2026-07-27,1657552740.0,13336444.507936507,prejuizo,0.53,-9.17,13.71,3.95,9.75,serie_nao_comparavel,nao_aplicavel,REPROVADA,P/L positivo e baixo; Dívida líq./EBITDA < 3; CAGR receita > 10%; Lucro positivo nos 5 anos,CAGR lucro > 10%,2026-03-31,2026-05-07,http://www.rad.cvm.gov.br/ENETCONSULTA/frmDownloadDocumento.aspx?CodigoInstituicao=1&NumeroSequencialDocumento=156870,CVM DFP/ITR (dados.cvm.gov.br); B3 COTAHIST; preços não ajustados
RDOR3,REDE D'OR SÃO LUIZ S.A.,24821,Serviços Médicos,2026-07-27,73893514296.0,248769869.6031746,16.01,3.74,23.59,12.74,0.59,28.59,31.35,-0.32,REPROVADA,P/VPA < 1; P/L positivo e baixo; FCF positivo em >=3 dos 5 anos,,2026-03-31,2026-05-06,http://www.rad.cvm.gov.br/ENETCONSULTA/frmDownloadDocumento.aspx?CodigoInstituicao=1&NumeroSequencialDocumento=156740,CVM DFP/ITR (dados.cvm.gov.br); B3 COTAHIST; preços não ajustados
REDE3,REDE ENERGIA PARTICIPAÇÕES S.A.,3190,Energia Elétrica,2026-07-27,14818538459.029999,10108.349206349207,13.06,2.38,18.26,37.37,3.46,5.57,-5.65,3.12,REPROVADA,P/VPA < 1; P/L positivo e baixo; Dívida líq./EBITDA < 3; CAGR receita > 10%; CAGR lucro > 10%; Liquidez >= R$5M/dia,,2026-03-31,2026-05-11,http://www.rad.cvm.gov.br/ENETCONSULTA/frmDownloadDocumento.aspx?CodigoInstituicao=1&NumeroSequencialDocumento=157085,CVM DFP/ITR (dados.cvm.gov.br); B3 COTAHIST; preços não ajustados
"RNEW11,RNEW3,RNEW4",RENOVA ENERGIA S.A.,21636,Energia Elétrica,2026-07-27,289781968.26,51268.12698412698,prejuizo,0.25,-12.08,-7.19,5.56,53.07,serie_nao_comparavel,nao_aplicavel,REPROVADA,P/L positivo e baixo; ROE mediano 5a > 12%; Dívida líq./EBITDA < 3; Lucro positivo nos 5 anos; CFO positivo em >=4 dos 5 anos; FCF positivo em >=3 dos 5 anos; Liquidez >= R$5M/dia,CAGR lucro > 10%,2026-03-31,2026-05-13,http://www.rad.cvm.gov.br/ENETCONSULTA/frmDownloadDocumento.aspx?CodigoInstituicao=1&NumeroSequencialDocumento=157334,CVM DFP/ITR (dados.cvm.gov.br); B3 COTAHIST; preços não ajustados
RDNI3,RNI NEGÓCIOS IMOBILIÁRIOS S.A.,20451,"Construção Civil, Mat. Constr. e Decoração",2025-12-16,93197000.0,14867.444444444445,prejuizo,4.10,-447.56,-37.73,nao_aplicavel,-7.32,serie_nao_comparavel,nao_aplicavel,REPROVADA,P/VPA < 1; P/L positivo e baixo; ROE mediano 5a > 12%; CAGR receita > 10%; Receita estável (sem queda >15%); Lucro positivo nos 5 anos; CFO positivo em >=4 dos 5 anos; FCF positivo em >=3 dos 5 anos; Liquidez >= R$5M/dia,Dívida líq./EBITDA < 3; CAGR lucro > 10%,2026-03-31,2026-05-15,http://www.rad.cvm.gov.br/ENETCONSULTA/frmDownloadDocumento.aspx?CodigoInstituicao=1&NumeroSequencialDocumento=157640,CVM DFP/ITR (dados.cvm.gov.br); B3 COTAHIST; preços não ajustados
RBNS,RODOBENS SA,25801,"Máquinas, Equipamentos, Veículos e Peças",,,,indisponivel,indisponivel,38.32,41.38,-0.17,1.27,-5.96,0.51,REPROVADA,CAGR receita > 10%; CAGR lucro > 10%,P/VPA < 1; P/L positivo e baixo; Liquidez >= R$5M/dia,2026-03-31,2026-05-15,http://www.rad.cvm.gov.br/ENETCONSULTA/frmDownloadDocumento.aspx?CodigoInstituicao=1&NumeroSequencialDocumento=157592,CVM DFP/ITR (dados.cvm.gov.br); B3 COTAHIST; preços não ajustados
ROMI3,ROMI S.A.,7510,"Máquinas, Equipamentos, Veículos e Peças",2026-07-27,550639114.77,1187953.4444444445,7.34,0.44,6.01,12.00,3.94,-1.04,-19.61,1.90,REPROVADA,Dívida líq./EBITDA < 3; CAGR receita > 10%; CAGR lucro > 10%; Receita estável (sem queda >15%); Liquidez >= R$5M/dia,,2026-06-30,2026-07-14,http://www.rad.cvm.gov.br/ENETCONSULTA/frmDownloadDocumento.aspx?CodigoInstituicao=1&NumeroSequencialDocumento=159516,CVM DFP/ITR (dados.cvm.gov.br); B3 COTAHIST; preços não ajustados
RAIL3,RUMO S.A.,17450,Emp. Adm. Part. - Serviços Transporte e Logística,2026-07-27,25610233586.4,169595131.9047619,24.62,1.84,7.50,4.05,2.47,16.80,54.02,6.91,REPROVADA,P/VPA < 1; P/L positivo e baixo; ROE mediano 5a > 12%; Lucro positivo nos 5 anos,,2026-03-31,2026-05-07,http://www.rad.cvm.gov.br/ENETCONSULTA/frmDownloadDocumento.aspx?CodigoInstituicao=1&NumeroSequencialDocumento=156848,CVM DFP/ITR (dados.cvm.gov.br); B3 COTAHIST; preços não ajustados
SCAR3,SAO CARLOS EMPREEND E PARTICIPACOES S.A.,13781,Emp. Adm. Part. - Sem Setor Principal,2026-07-27,706643240.0,409384.84126984124,15.76,0.68,4.25,1.46,4.39,1.01,16.90,-1.86,REPROVADA,P/L positivo e baixo; ROE mediano 5a > 12%; Dívida líq./EBITDA < 3; CAGR receita > 10%; Receita estável (sem queda >15%); Lucro positivo nos 5 anos; CFO positivo em >=4 dos 5 anos; FCF positivo em >=3 dos 5 anos; Liquidez >= R$5M/dia,,2026-03-31,2026-05-13,http://www.rad.cvm.gov.br/ENETCONSULTA/frmDownloadDocumento.aspx?CodigoInstituicao=1&NumeroSequencialDocumento=157317,CVM DFP/ITR (dados.cvm.gov.br); B3 COTAHIST; preços não ajustados
"SHUL3,SHUL4",SCHULZ S.A.,14664,Metalurgia e Siderurgia,2026-07-27,,2564617.8412698414,indisponivel,indisponivel,18.04,21.41,-0.46,3.26,10.66,0.98,REPROVADA,CAGR receita > 10%; Liquidez >= R$5M/dia,P/VPA < 1; P/L positivo e baixo,2026-03-31,2026-05-14,http://www.rad.cvm.gov.br/ENETCONSULTA/frmDownloadDocumento.aspx?CodigoInstituicao=1&NumeroSequencialDocumento=157397,CVM DFP/ITR (dados.cvm.gov.br); B3 COTAHIST; preços não ajustados
SEER3,SER EDUCACIONAL S.A.,23221,Educação,2026-07-27,1479249239.72,9495275.587301588,6.00,1.04,17.87,-1.19,0.57,12.03,42.17,1.69,REPROVADA,P/VPA < 1; ROE mediano 5a > 12%; Lucro positivo nos 5 anos,,2026-03-31,2026-05-13,http://www.rad.cvm.gov.br/ENETCONSULTA/frmDownloadDocumento.aspx?CodigoInstituicao=1&NumeroSequencialDocumento=157304,CVM DFP/ITR (dados.cvm.gov.br); B3 COTAHIST; preços não ajustados
,SERENA ENERGIA S.A.,26441,Emp. Adm. Part. - Energia Elétrica,,,,indisponivel,indisponivel,-0.91,0.71,3.50,127.59,-62.51,nao_aplicavel,REPROVADA,ROE mediano 5a > 12%; Dívida líq./EBITDA < 3; CAGR lucro > 10%; Lucro positivo nos 5 anos; FCF positivo em >=3 dos 5 anos,P/VPA < 1; P/L positivo e baixo; Liquidez >= R$5M/dia,2026-03-31,2026-05-12,http://www.rad.cvm.gov.br/ENETCONSULTA/frmDownloadDocumento.aspx?CodigoInstituicao=1&NumeroSequencialDocumento=157232,CVM DFP/ITR (dados.cvm.gov.br); B3 COTAHIST; preços não ajustados
,SERENA GERAÇÃO S.A.,23426,Emp. Adm. Part. - Energia Elétrica,,,,indisponivel,indisponivel,3.88,3.32,0.00,34.00,-24.07,-4.55,REPROVADA,ROE mediano 5a > 12%; CAGR lucro > 10%,P/VPA < 1; P/L positivo e baixo; Liquidez >= R$5M/dia,2026-03-31,2026-05-12,http://www.rad.cvm.gov.br/ENETCONSULTA/frmDownloadDocumento.aspx?CodigoInstituicao=1&NumeroSequencialDocumento=157228,CVM DFP/ITR (dados.cvm.gov.br); B3 COTAHIST; preços não ajustados
SIMH3,SIMPAR S.A.,25003,Serviços Transporte e Logística,2026-07-27,3260734863.48,22441815.42857143,prejuizo,0.77,-2.03,-2.72,3.45,33.11,-53.19,nao_aplicavel,REPROVADA,P/L positivo e baixo; ROE mediano 5a > 12%; Dívida líq./EBITDA < 3; CAGR lucro > 10%; Lucro positivo nos 5 anos; CFO positivo em >=4 dos 5 anos; FCF positivo em >=3 dos 5 anos,,2026-03-31,2026-05-07,http://www.rad.cvm.gov.br/ENETCONSULTA/frmDownloadDocumento.aspx?CodigoInstituicao=1&NumeroSequencialDocumento=156903,CVM DFP/ITR (dados.cvm.gov.br); B3 COTAHIST; preços não ajustados
SLCE3,SLC AGRICOLA S.A.,20745,"Agricultura (Açúcar, Álcool e Cana)",2026-07-27,6647352199.9800005,49462321.11111111,20.52,1.25,6.26,15.56,2.77,11.45,-14.96,4.71,REPROVADA,P/VPA < 1; P/L positivo e baixo; CAGR lucro > 10%,,2026-03-31,2026-05-13,http://www.rad.cvm.gov.br/ENETCONSULTA/frmDownloadDocumento.aspx?CodigoInstituicao=1&NumeroSequencialDocumento=157297,CVM DFP/ITR (dados.cvm.gov.br); B3 COTAHIST; preços não ajustados
SMFT3,SMARTFIT ESCOLA DE GINÁSTICA E DANÇA S.A.,24260,Brinquedos e Lazer,2026-07-27,12132264915.119999,116243959.57142857,17.58,2.05,11.91,9.89,1.15,43.52,turnaround,3.22,REPROVADA,P/VPA < 1; P/L positivo e baixo; ROE mediano 5a > 12%; Lucro positivo nos 5 anos; FCF positivo em >=3 dos 5 anos,CAGR lucro > 10%,2026-03-31,2026-05-06,http://www.rad.cvm.gov.br/ENETCONSULTA/frmDownloadDocumento.aspx?CodigoInstituicao=1&NumeroSequencialDocumento=156723,CVM DFP/ITR (dados.cvm.gov.br); B3 COTAHIST; preços não ajustados
"NEMO3,NEMO5,NEMO6",SUZANO HOLDING S.A.,9067,Emp. Adm. Part. - Papel e Celulose,,,,indisponivel,indisponivel,27.43,36.50,3.17,5.17,14.15,4.91,REPROVADA,Dívida líq./EBITDA < 3; CAGR receita > 10%; Receita estável (sem queda >15%); Lucro positivo nos 5 anos,P/VPA < 1; P/L positivo e baixo; Liquidez >= R$5M/dia,2026-03-31,2026-05-14,http://www.rad.cvm.gov.br/ENETCONSULTA/frmDownloadDocumento.aspx?CodigoInstituicao=1&NumeroSequencialDocumento=157417,CVM DFP/ITR (dados.cvm.gov.br); B3 COTAHIST; preços não ajustados
SUZB3,SUZANO S.A.,13986,Papel e Celulose,2026-07-27,41196310234.549995,252539973.84126985,3.62,0.86,24.76,35.73,3.17,5.17,11.66,1.46,REPROVADA,Dívida líq./EBITDA < 3; CAGR receita > 10%; Receita estável (sem queda >15%); Lucro positivo nos 5 anos,,2026-03-31,2026-04-29,http://www.rad.cvm.gov.br/ENETCONSULTA/frmDownloadDocumento.aspx?CodigoInstituicao=1&NumeroSequencialDocumento=156475,CVM DFP/ITR (dados.cvm.gov.br); B3 COTAHIST; preços não ajustados
SYNE3,SYN PROP & TECH S.A.,21040,"Emp. Adm. Part. - Const. Civil, Mat. Const. e Decoração",2026-07-27,618208200.0,1535762.5714285714,9.42,0.89,9.60,3.37,1.28,-38.60,-52.66,1.01,REPROVADA,P/L positivo e baixo; ROE mediano 5a > 12%; CAGR receita > 10%; CAGR lucro > 10%; Receita estável (sem queda >15%); Lucro positivo nos 5 anos; Liquidez >= R$5M/dia,,2026-03-31,2026-05-14,http://www.rad.cvm.gov.br/ENETCONSULTA/frmDownloadDocumento.aspx?CodigoInstituicao=1&NumeroSequencialDocumento=157427,CVM DFP/ITR (dados.cvm.gov.br); B3 COTAHIST; preços não ajustados
"TASA3,TASA4",TAURUS ARMAS S.A.,6173,"Máquinas, Equipamentos, Veículos e Peças",2026-07-27,682986717.79,1503318.2857142857,prejuizo,0.58,-3.09,10.43,7.21,-14.52,-59.16,nao_aplicavel,REPROVADA,P/L positivo e baixo; ROE mediano 5a > 12%; Dívida líq./EBITDA < 3; CAGR receita > 10%; CAGR lucro > 10%; Receita estável (sem queda >15%); Liquidez >= R$5M/dia,,2026-03-31,2026-05-15,http://www.rad.cvm.gov.br/ENETCONSULTA/frmDownloadDocumento.aspx?CodigoInstituicao=1&NumeroSequencialDocumento=157579,CVM DFP/ITR (dados.cvm.gov.br); B3 COTAHIST; preços não ajustados
"ECOM3,TRAD3",TC S.A.,26077,Comunicação e Informática,2026-07-27,45181619.99999999,45530.95238095238,0.52,0.44,81.29,-24.70,nao_aplicavel,-29.73,191.49,-0.41,REPROVADA,ROE mediano 5a > 12%; CAGR receita > 10%; Receita estável (sem queda >15%); Lucro positivo nos 5 anos; CFO positivo em >=4 dos 5 anos; FCF positivo em >=3 dos 5 anos; Liquidez >= R$5M/dia,Dívida líq./EBITDA < 3,2026-03-31,2026-05-14,http://www.rad.cvm.gov.br/ENETCONSULTA/frmDownloadDocumento.aspx?CodigoInstituicao=1&NumeroSequencialDocumento=157491,CVM DFP/ITR (dados.cvm.gov.br); B3 COTAHIST; preços não ajustados
TECN3,TECHNOS S.A.,22519,Comércio (Atacado e Varejo),2026-07-27,586601008.7299999,488687.8095238095,7.98,1.34,16.78,15.30,0.20,11.07,26.31,0.68,REPROVADA,P/VPA < 1; P/L positivo e baixo; Liquidez >= R$5M/dia,,2026-03-31,2026-05-11,http://www.rad.cvm.gov.br/ENETCONSULTA/frmDownloadDocumento.aspx?CodigoInstituicao=1&NumeroSequencialDocumento=157064,CVM DFP/ITR (dados.cvm.gov.br); B3 COTAHIST; preços não ajustados
TCSA3,TECNISA S.A.,20435,"Construção Civil, Mat. Constr. e Decoração",2026-07-27,48588540.0,80547.01587301587,prejuizo,0.19,-41.56,-20.06,nao_aplicavel,10.03,serie_nao_comparavel,nao_aplicavel,REPROVADA,P/L positivo e baixo; ROE mediano 5a > 12%; Receita estável (sem queda >15%); Lucro positivo nos 5 anos; CFO positivo em >=4 dos 5 anos; FCF positivo em >=3 dos 5 anos; Liquidez >= R$5M/dia,Dívida líq./EBITDA < 3; CAGR lucro > 10%,2026-03-31,2026-05-14,http://www.rad.cvm.gov.br/ENETCONSULTA/frmDownloadDocumento.aspx?CodigoInstituicao=1&NumeroSequencialDocumento=157400,CVM DFP/ITR (dados.cvm.gov.br); B3 COTAHIST; preços não ajustados
TGMA3,TEGMA GESTAO LOGISTICA S.A.,20800,Serviços Transporte e Logística,2026-07-27,2040114665.68,6178810.047619048,8.57,2.24,26.69,24.87,0.02,21.92,22.44,0.98,REPROVADA,P/VPA < 1; P/L positivo e baixo,,2026-03-31,2026-05-04,http://www.rad.cvm.gov.br/ENETCONSULTA/frmDownloadDocumento.aspx?CodigoInstituicao=1&NumeroSequencialDocumento=156565,CVM DFP/ITR (dados.cvm.gov.br); B3 COTAHIST; preços não ajustados
VIVT3,TELEFÔNICA BRASIL S.A,17671,Telecomunicações,2026-07-27,115393345370.72,170467350.66666666,18.11,1.66,9.22,7.63,0.43,7.86,-0.29,3.28,REPROVADA,P/VPA < 1; P/L positivo e baixo; ROE mediano 5a > 12%; CAGR receita > 10%; CAGR lucro > 10%,,2026-03-31,2026-05-11,http://www.rad.cvm.gov.br/ENETCONSULTA/frmDownloadDocumento.aspx?CodigoInstituicao=1&NumeroSequencialDocumento=157013,CVM DFP/ITR (dados.cvm.gov.br); B3 COTAHIST; preços não ajustados
LAND3,TERRA SANTA PROPRIEDADES AGRÍCOLAS S.A.,26000,"Agricultura (Açúcar, Álcool e Cana)",2026-07-27,808138800.0,1011782.1904761905,245.49,1.21,0.50,2.86,44.28,-1.90,-40.56,9.61,REPROVADA,P/VPA < 1; P/L positivo e baixo; ROE mediano 5a > 12%; Dívida líq./EBITDA < 3; CAGR receita > 10%; CAGR lucro > 10%; Receita estável (sem queda >15%); Liquidez >= R$5M/dia,,2026-03-31,2026-05-11,http://www.rad.cvm.gov.br/ENETCONSULTA/frmDownloadDocumento.aspx?CodigoInstituicao=1&NumeroSequencialDocumento=157105,CVM DFP/ITR (dados.cvm.gov.br); B3 COTAHIST; preços não ajustados
,TIGRE S.A. PARTICIPAÇÕES,26255,"Construção Civil, Mat. Constr. e Decoração",,,,indisponivel,indisponivel,12.79,11.35,0.88,-3.37,-25.15,3.37,REPROVADA,ROE mediano 5a > 12%; CAGR receita > 10%; CAGR lucro > 10%; Receita estável (sem queda >15%); Lucro positivo nos 5 anos,P/VPA < 1; P/L positivo e baixo; Liquidez >= R$5M/dia,2026-03-31,2026-05-13,http://www.rad.cvm.gov.br/ENETCONSULTA/frmDownloadDocumento.aspx?CodigoInstituicao=1&NumeroSequencialDocumento=157288,CVM DFP/ITR (dados.cvm.gov.br); B3 COTAHIST; preços não ajustados
,TIM BRASIL SERVIÇOS E PARTICIPAÇÕES S.A.,27090,Telecomunicações,,,,indisponivel,indisponivel,16.89,10.02,0.15,10.19,1.23,6.67,REPROVADA,ROE mediano 5a > 12%; CAGR lucro > 10%,P/VPA < 1; P/L positivo e baixo; Liquidez >= R$5M/dia,2026-03-31,2026-05-05,http://www.rad.cvm.gov.br/ENETCONSULTA/frmDownloadDocumento.aspx?CodigoInstituicao=1&NumeroSequencialDocumento=156657,CVM DFP/ITR (dados.cvm.gov.br); B3 COTAHIST; preços não ajustados
TOTS3,TOTVS S.A.,19992,Comunicação e Informática,2026-07-27,17035941379.34,226243869.0,18.40,3.43,18.39,15.77,2.23,15.36,24.72,1.42,REPROVADA,P/VPA < 1; P/L positivo e baixo,,2026-03-31,2026-05-06,http://www.rad.cvm.gov.br/ENETCONSULTA/frmDownloadDocumento.aspx?CodigoInstituicao=1&NumeroSequencialDocumento=156731,CVM DFP/ITR (dados.cvm.gov.br); B3 COTAHIST; preços não ajustados
TPIS3,TPI - TRIUNFO PARTICIP. E INVEST. S.A.,19330,Emp. Adm. Part. - Serviços Transporte e Logística,2026-07-27,366101880.0,482438.68253968254,prejuizo,0.73,-76.30,-0.09,nao_aplicavel,0.15,serie_nao_comparavel,nao_aplicavel,REPROVADA,P/L positivo e baixo; ROE mediano 5a > 12%; CAGR receita > 10%; Receita estável (sem queda >15%); Lucro positivo nos 5 anos; Liquidez >= R$5M/dia,Dívida líq./EBITDA < 3; CAGR lucro > 10%,2026-03-31,2026-05-15,http://www.rad.cvm.gov.br/ENETCONSULTA/frmDownloadDocumento.aspx?CodigoInstituicao=1&NumeroSequencialDocumento=157659,CVM DFP/ITR (dados.cvm.gov.br); B3 COTAHIST; preços não ajustados
"TAEE11,TAEE3,TAEE4",TRANSMISSORA ALIANÇA DE ENERGIA ELÉTRICA S.A.,20257,Emp. Adm. Part. - Energia Elétrica,2026-07-27,13788268690.0,69226010.53968254,8.79,1.73,20.15,21.79,3.67,7.43,-8.09,1.06,REPROVADA,P/VPA < 1; Dívida líq./EBITDA < 3; CAGR receita > 10%; CAGR lucro > 10%; Receita estável (sem queda >15%),,2026-03-31,2026-05-06,http://www.rad.cvm.gov.br/ENETCONSULTA/frmDownloadDocumento.aspx?CodigoInstituicao=1&NumeroSequencialDocumento=156778,CVM DFP/ITR (dados.cvm.gov.br); B3 COTAHIST; preços não ajustados
TRIS3,TRISUL S.A.,21130,"Emp. Adm. Part. - Const. Civil, Mat. Const. e Decoração",2026-07-27,964425210.0,1708132.9682539683,5.05,0.65,13.04,10.86,2.00,15.52,14.02,0.81,REPROVADA,P/L positivo e baixo; ROE mediano 5a > 12%; CFO positivo em >=4 dos 5 anos; FCF positivo em >=3 dos 5 anos; Liquidez >= R$5M/dia,,2026-03-31,2026-05-14,http://www.rad.cvm.gov.br/ENETCONSULTA/frmDownloadDocumento.aspx?CodigoInstituicao=1&NumeroSequencialDocumento=157393,CVM DFP/ITR (dados.cvm.gov.br); B3 COTAHIST; preços não ajustados
TUPY3,TUPY S.A.,6343,Metalurgia e Siderurgia,2026-07-27,2031755500.0,10848858.222222222,prejuizo,0.88,-30.74,9.15,28.90,8.16,serie_nao_comparavel,nao_aplicavel,REPROVADA,P/L positivo e baixo; ROE mediano 5a > 12%; Dívida líq./EBITDA < 3; CAGR receita > 10%; Lucro positivo nos 5 anos,CAGR lucro > 10%,2026-03-31,2026-05-14,http://www.rad.cvm.gov.br/ENETCONSULTA/frmDownloadDocumento.aspx?CodigoInstituicao=1&NumeroSequencialDocumento=157376,CVM DFP/ITR (dados.cvm.gov.br); B3 COTAHIST; preços não ajustados
UGPA3,ULTRAPAR PARTICIPACOES S.A.,18465,Emp. Adm. Part. - Petróleo e Gás,2026-07-27,34925297028.15,223241484.33333334,11.66,2.12,18.65,16.51,1.84,6.73,30.33,2.19,REPROVADA,P/VPA < 1; CAGR receita > 10%,,2026-03-31,2026-05-06,http://www.rad.cvm.gov.br/ENETCONSULTA/frmDownloadDocumento.aspx?CodigoInstituicao=1&NumeroSequencialDocumento=156748,CVM DFP/ITR (dados.cvm.gov.br); B3 COTAHIST; preços não ajustados
UCAS3,UNICASA INDÚSTRIA DE MÓVEIS S.A.,22780,"Construção Civil, Mat. Constr. e Decoração",2026-07-27,75338454.96,271756.31746031746,prejuizo,0.44,-7.50,7.26,23.95,2.01,serie_nao_comparavel,nao_aplicavel,REPROVADA,P/L positivo e baixo; ROE mediano 5a > 12%; Dívida líq./EBITDA < 3; CAGR receita > 10%; Lucro positivo nos 5 anos; FCF positivo em >=3 dos 5 anos; Liquidez >= R$5M/dia,CAGR lucro > 10%,2026-03-31,2026-05-14,http://www.rad.cvm.gov.br/ENETCONSULTA/frmDownloadDocumento.aspx?CodigoInstituicao=1&NumeroSequencialDocumento=157445,CVM DFP/ITR (dados.cvm.gov.br); B3 COTAHIST; preços não ajustados
,UNIDAS LOCAÇÕES E SERVIÇOS S.A.,23280,Serviços Transporte e Logística,,,,indisponivel,indisponivel,0.69,5.20,3.23,68.21,-53.12,3.83,REPROVADA,ROE mediano 5a > 12%; Dívida líq./EBITDA < 3; CAGR lucro > 10%; CFO positivo em >=4 dos 5 anos; FCF positivo em >=3 dos 5 anos,P/VPA < 1; P/L positivo e baixo; Liquidez >= R$5M/dia,2026-03-31,2026-05-11,http://www.rad.cvm.gov.br/ENETCONSULTA/frmDownloadDocumento.aspx?CodigoInstituicao=1&NumeroSequencialDocumento=157109,CVM DFP/ITR (dados.cvm.gov.br); B3 COTAHIST; preços não ajustados
FIQE3,UNIFIQUE TELECOMUNICAÇÕES S.A.,26050,Emp. Adm. Part. - Telecomunicações,2026-07-27,2148530528.3999996,4153536.9365079366,9.64,1.84,19.50,14.53,0.52,26.84,26.92,2.64,REPROVADA,P/VPA < 1; Liquidez >= R$5M/dia,,2026-03-31,2026-05-13,http://www.rad.cvm.gov.br/ENETCONSULTA/frmDownloadDocumento.aspx?CodigoInstituicao=1&NumeroSequencialDocumento=157289,CVM DFP/ITR (dados.cvm.gov.br); B3 COTAHIST; preços não ajustados
"UNIP3,UNIP5,UNIP6",UNIPAR CARBOCLORO S.A.,11592,Petroquímicos e Borracha,2026-07-27,,10210762.873015873,indisponivel,indisponivel,20.38,27.27,2.57,-4.91,-29.56,3.34,REPROVADA,CAGR receita > 10%; CAGR lucro > 10%; Receita estável (sem queda >15%),P/VPA < 1; P/L positivo e baixo,2026-03-31,2026-05-14,http://www.rad.cvm.gov.br/ENETCONSULTA/frmDownloadDocumento.aspx?CodigoInstituicao=1&NumeroSequencialDocumento=157392,CVM DFP/ITR (dados.cvm.gov.br); B3 COTAHIST; preços não ajustados
,UNIÃO QUÍMICA FARMACÊUTICA NACIONAL S.A.,26867,Farmacêutico e Higiene,,,,indisponivel,indisponivel,12.77,19.16,2.35,7.27,-13.54,3.80,REPROVADA,CAGR receita > 10%; CAGR lucro > 10%,P/VPA < 1; P/L positivo e baixo; Liquidez >= R$5M/dia,2026-03-31,2026-05-14,http://www.rad.cvm.gov.br/ENETCONSULTA/frmDownloadDocumento.aspx?CodigoInstituicao=1&NumeroSequencialDocumento=157401,CVM DFP/ITR (dados.cvm.gov.br); B3 COTAHIST; preços não ajustados
,URBA DESENVOLVIMENTO URBANO S.A.,25437,"Construção Civil, Mat. Constr. e Decoração",,,,indisponivel,indisponivel,9.56,-13.00,3.87,24.96,-7.22,-14.18,REPROVADA,ROE mediano 5a > 12%; Dívida líq./EBITDA < 3; CAGR lucro > 10%; Receita estável (sem queda >15%); Lucro positivo nos 5 anos; CFO positivo em >=4 dos 5 anos; FCF positivo em >=3 dos 5 anos,P/VPA < 1; P/L positivo e baixo; Liquidez >= R$5M/dia,2026-03-31,2026-05-11,http://www.rad.cvm.gov.br/ENETCONSULTA/frmDownloadDocumento.aspx?CodigoInstituicao=1&NumeroSequencialDocumento=157063,CVM DFP/ITR (dados.cvm.gov.br); B3 COTAHIST; preços não ajustados
VALE3,VALE S.A.,4170,Extração Mineral,2026-07-27,309413756520.0,1417637544.4285715,19.83,1.62,8.31,18.51,1.39,-7.64,-41.90,3.13,REPROVADA,P/VPA < 1; P/L positivo e baixo; CAGR receita > 10%; CAGR lucro > 10%; Receita estável (sem queda >15%),,2026-03-31,2026-04-28,http://www.rad.cvm.gov.br/ENETCONSULTA/frmDownloadDocumento.aspx?CodigoInstituicao=1&NumeroSequencialDocumento=156449,CVM DFP/ITR (dados.cvm.gov.br); B3 COTAHIST; preços não ajustados
VAMO3,"VAMOS LOCAÇÃO DE CAMINHÕES, MÁQUINAS E EQUIPAMENTOS S.A.",24716,Serviços Transporte e Logística,2026-07-27,3379165187.5299997,38015082.23809524,10.99,1.30,11.90,13.58,3.23,19.49,-4.93,2.78,REPROVADA,P/VPA < 1; P/L positivo e baixo; Dívida líq./EBITDA < 3; CAGR lucro > 10%; Receita estável (sem queda >15%); CFO positivo em >=4 dos 5 anos; FCF positivo em >=3 dos 5 anos,,2026-03-31,2026-05-06,http://www.rad.cvm.gov.br/ENETCONSULTA/frmDownloadDocumento.aspx?CodigoInstituicao=1&NumeroSequencialDocumento=156786,CVM DFP/ITR (dados.cvm.gov.br); B3 COTAHIST; preços não ajustados
VSTE3,VESTE S.A. ESTILO,21440,Emp. Adm. Part. - Comércio (Atacado e Varejo),2026-07-27,314418500.0,87664.74603174604,6.15,0.29,4.77,2.32,0.97,8.88,turnaround,4.58,REPROVADA,ROE mediano 5a > 12%; CAGR receita > 10%; Lucro positivo nos 5 anos; Liquidez >= R$5M/dia,CAGR lucro > 10%,2026-03-31,2026-05-13,http://www.rad.cvm.gov.br/ENETCONSULTA/frmDownloadDocumento.aspx?CodigoInstituicao=1&NumeroSequencialDocumento=157327,CVM DFP/ITR (dados.cvm.gov.br); B3 COTAHIST; preços não ajustados
VBBR3,VIBRA ENERGIA S/A,24295,Comércio (Atacado e Varejo),2026-07-27,41123758500.0,266378262.95238096,13.68,1.89,14.20,22.98,2.59,9.79,-5.35,2.78,REPROVADA,P/VPA < 1; P/L positivo e baixo; CAGR receita > 10%; CAGR lucro > 10%,,2026-03-31,2026-05-08,http://www.rad.cvm.gov.br/ENETCONSULTA/frmDownloadDocumento.aspx?CodigoInstituicao=1&NumeroSequencialDocumento=156984,CVM DFP/ITR (dados.cvm.gov.br); B3 COTAHIST; preços não ajustados
VITT3,VITTIA S.A.,25763,"Agricultura (Açúcar, Álcool e Cana)",2026-07-27,500446764.62,907761.6031746032,8.08,0.79,9.70,14.14,2.25,1.29,-11.22,2.30,REPROVADA,CAGR receita > 10%; CAGR lucro > 10%; Liquidez >= R$5M/dia,,2026-03-31,2026-05-14,http://www.rad.cvm.gov.br/ENETCONSULTA/frmDownloadDocumento.aspx?CodigoInstituicao=1&NumeroSequencialDocumento=157449,CVM DFP/ITR (dados.cvm.gov.br); B3 COTAHIST; preços não ajustados
VIVA3,VIVARA PARTICIPAÇÕES S.A.,24805,Comércio (Atacado e Varejo),2026-07-27,5173930626.14,67986454.36507936,8.84,1.71,19.57,23.20,0.23,19.86,20.03,0.98,REPROVADA,P/VPA < 1; P/L positivo e baixo,,2026-03-31,2026-05-07,http://www.rad.cvm.gov.br/ENETCONSULTA/frmDownloadDocumento.aspx?CodigoInstituicao=1&NumeroSequencialDocumento=156856,CVM DFP/ITR (dados.cvm.gov.br); B3 COTAHIST; preços não ajustados
,VIX LOGÍSTICA S.A.,21202,Serviços Transporte e Logística,,,,indisponivel,indisponivel,12.20,13.11,2.33,17.97,2.89,2.50,REPROVADA,CAGR lucro > 10%; CFO positivo em >=4 dos 5 anos; FCF positivo em >=3 dos 5 anos,P/VPA < 1; P/L positivo e baixo; Liquidez >= R$5M/dia,2026-03-31,2026-05-12,http://www.rad.cvm.gov.br/ENETCONSULTA/frmDownloadDocumento.aspx?CodigoInstituicao=1&NumeroSequencialDocumento=157171,CVM DFP/ITR (dados.cvm.gov.br); B3 COTAHIST; preços não ajustados
WEGE3,WEG S.A.,5410,"Emp. Adm. Part. - Máqs., Equip., Veíc. e Peças",2026-07-27,194686497662.4,358327195.53968257,31.13,10.32,34.48,31.37,-0.42,14.71,15.48,1.15,REPROVADA,P/VPA < 1; P/L positivo e baixo,,2026-06-30,2026-07-22,http://www.rad.cvm.gov.br/ENETCONSULTA/frmDownloadDocumento.aspx?CodigoInstituicao=1&NumeroSequencialDocumento=159608,CVM DFP/ITR (dados.cvm.gov.br); B3 COTAHIST; preços não ajustados
"WHRL3,WHRL4",WHIRLPOOL S.A.,14346,"Máquinas, Equipamentos, Veículos e Peças",2026-07-27,5940745550.0,40311.71428571428,18.09,3.10,17.53,19.65,0.09,2.50,-17.76,-1.13,REPROVADA,P/VPA < 1; P/L positivo e baixo; CAGR receita > 10%; CAGR lucro > 10%; Liquidez >= R$5M/dia,,2026-03-31,2026-05-14,http://www.rad.cvm.gov.br/ENETCONSULTA/frmDownloadDocumento.aspx?CodigoInstituicao=1&NumeroSequencialDocumento=157403,CVM DFP/ITR (dados.cvm.gov.br); B3 COTAHIST; preços não ajustados
WIZC3,WIZ CO PARTICIPAÇÕES E CORRETAGEM DE SEGUROS S.A.,23590,Seguradoras e Corretoras,2026-07-27,1308041566.76,2943545.365079365,6.73,1.90,28.05,32.62,nao_aplicavel,14.07,1.69,2.29,REPROVADA,P/VPA < 1; CAGR lucro > 10%; Liquidez >= R$5M/dia,Dívida líq./EBITDA < 3; CFO positivo em >=4 dos 5 anos; FCF positivo em >=3 dos 5 anos,2026-03-31,2026-05-07,http://www.rad.cvm.gov.br/ENETCONSULTA/frmDownloadDocumento.aspx?CodigoInstituicao=1&NumeroSequencialDocumento=156855,CVM DFP/ITR (dados.cvm.gov.br); B3 COTAHIST; preços não ajustados
"WLMM3,WLMM4",WLM PART. E COMÉRCIO DE MÁQUINAS E VEÍCULOS S.A.,11070,"Emp. Adm. Part. - Máqs., Equip., Veíc. e Peças",2026-07-27,669264388.0,35444.12698412698,8.44,0.84,10.09,17.43,1.30,12.82,-4.90,3.38,REPROVADA,CAGR lucro > 10%; FCF positivo em >=3 dos 5 anos; Liquidez >= R$5M/dia,,2026-03-31,2026-05-15,http://www.rad.cvm.gov.br/ENETCONSULTA/frmDownloadDocumento.aspx?CodigoInstituicao=1&NumeroSequencialDocumento=157615,CVM DFP/ITR (dados.cvm.gov.br); B3 COTAHIST; preços não ajustados
YDUQ3,YDUQS PARTICIPACOES S.A.,21016,Emp. Adm. Part. - Educação,2026-07-27,2078977840.0,36456023.17460317,17.53,0.69,3.99,5.53,2.61,5.89,3.50,11.87,REPROVADA,P/L positivo e baixo; ROE mediano 5a > 12%; CAGR receita > 10%; CAGR lucro > 10%; Lucro positivo nos 5 anos,,2026-03-31,2026-05-07,http://www.rad.cvm.gov.br/ENETCONSULTA/frmDownloadDocumento.aspx?CodigoInstituicao=1&NumeroSequencialDocumento=156840,CVM DFP/ITR (dados.cvm.gov.br); B3 COTAHIST; preços não ajustados
ZAMP3,ZAMP SA,24317,Alimentos,2025-12-02,1396234850.5,1791706.0317460317,33.42,1.00,2.89,-5.22,1.36,17.41,turnaround,10.40,REPROVADA,P/VPA < 1; P/L positivo e baixo; ROE mediano 5a > 12%; Lucro positivo nos 5 anos; FCF positivo em >=3 dos 5 anos; Liquidez >= R$5M/dia,CAGR lucro > 10%,2026-03-31,2026-05-08,http://www.rad.cvm.gov.br/ENETCONSULTA/frmDownloadDocumento.aspx?CodigoInstituicao=1&NumeroSequencialDocumento=156999,CVM DFP/ITR (dados.cvm.gov.br); B3 COTAHIST; preços não ajustados
